reporterCode,cmdCode,status,rows,file,message,checked_at
24,260200,existing_file,9,E:\zjl\CMU\research\EVSupplyChain\data\UNComtrade_2024_Import_ByPartner\reporter_24\24_260200_M_2024_partners.csv,validated existing CSV,2026-07-15T20:56:07
24,282010,existing_file,2,E:\zjl\CMU\research\EVSupplyChain\data\UNComtrade_2024_Import_ByPartner\reporter_24\24_282010_M_2024_partners.csv,validated existing CSV,2026-07-15T20:56:07
24,282090,existing_file,3,E:\zjl\CMU\research\EVSupplyChain\data\UNComtrade_2024_Import_ByPartner\reporter_24\24_282090_M_2024_partners.csv,validated existing CSV,2026-07-15T20:56:07
24,811100,existing_file,2,E:\zjl\CMU\research\EVSupplyChain\data\UNComtrade_2024_Import_ByPartner\reporter_24\24_811100_M_2024_partners.csv,validated existing CSV,2026-07-15T20:56:07
32,260200,existing_file,3,E:\zjl\CMU\research\EVSupplyChain\data\UNComtrade_2024_Import_ByPartner\reporter_32\32_260200_M_2024_partners.csv,validated existing CSV,2026-07-15T20:56:07
32,282010,existing_file,3,E:\zjl\CMU\research\EVSupplyChain\data\UNComtrade_2024_Import_ByPartner\reporter_32\32_282010_M_2024_partners.csv,validated existing CSV,2026-07-15T20:56:07
32,282090,existing_file,3,E:\zjl\CMU\research\EVSupplyChain\data\UNComtrade_2024_Import_ByPartner\reporter_32\32_282090_M_2024_partners.csv,validated existing CSV,2026-07-15T20:56:07
32,811100,existing_file,6,E:\zjl\CMU\research\EVSupplyChain\data\UNComtrade_2024_Import_ByPartner\reporter_32\32_811100_M_2024_partners.csv,validated existing CSV,2026-07-15T20:56:07
51,282010,existing_file,2,E:\zjl\CMU\research\EVSupplyChain\data\UNComtrade_2024_Import_ByPartner\reporter_51\51_282010_M_2024_partners.csv,validated existing CSV,2026-07-15T20:56:07
51,282090,existing_file,2,E:\zjl\CMU\research\EVSupplyChain\data\UNComtrade_2024_Import_ByPartner\reporter_51\51_282090_M_2024_partners.csv,validated existing CSV,2026-07-15T20:56:07
51,811100,existing_file,4,E:\zjl\CMU\research\EVSupplyChain\data\UNComtrade_2024_Import_ByPartner\reporter_51\51_811100_M_2024_partners.csv,validated existing CSV,2026-07-15T20:56:07
36,260200,existing_file,6,E:\zjl\CMU\research\EVSupplyChain\data\UNComtrade_2024_Import_ByPartner\reporter_36\36_260200_M_2024_partners.csv,validated existing CSV,2026-07-15T20:56:07
36,282010,existing_file,6,E:\zjl\CMU\research\EVSupplyChain\data\UNComtrade_2024_Import_ByPartner\reporter_36\36_282010_M_2024_partners.csv,validated existing CSV,2026-07-15T20:56:07
36,282090,existing_file,7,E:\zjl\CMU\research\EVSupplyChain\data\UNComtrade_2024_Import_ByPartner\reporter_36\36_282090_M_2024_partners.csv,validated existing CSV,2026-07-15T20:56:07
36,811100,existing_file,4,E:\zjl\CMU\research\EVSupplyChain\data\UNComtrade_2024_Import_ByPartner\reporter_36\36_811100_M_2024_partners.csv,validated existing CSV,2026-07-15T20:56:07
40,260200,existing_file,7,E:\zjl\CMU\research\EVSupplyChain\data\UNComtrade_2024_Import_ByPartner\reporter_40\40_260200_M_2024_partners.csv,validated existing CSV,2026-07-15T20:56:07
40,282010,existing_file,10,E:\zjl\CMU\research\EVSupplyChain\data\UNComtrade_2024_Import_ByPartner\reporter_40\40_282010_M_2024_partners.csv,validated existing CSV,2026-07-15T20:56:07
40,282090,existing_file,9,E:\zjl\CMU\research\EVSupplyChain\data\UNComtrade_2024_Import_ByPartner\reporter_40\40_282090_M_2024_partners.csv,validated existing CSV,2026-07-15T20:56:07
40,811100,existing_file,13,E:\zjl\CMU\research\EVSupplyChain\data\UNComtrade_2024_Import_ByPartner\reporter_40\40_811100_M_2024_partners.csv,validated existing CSV,2026-07-15T20:56:07
31,282010,existing_file,2,E:\zjl\CMU\research\EVSupplyChain\data\UNComtrade_2024_Import_ByPartner\reporter_31\31_282010_M_2024_partners.csv,validated existing CSV,2026-07-15T20:56:07
31,811100,existing_file,4,E:\zjl\CMU\research\EVSupplyChain\data\UNComtrade_2024_Import_ByPartner\reporter_31\31_811100_M_2024_partners.csv,validated existing CSV,2026-07-15T20:56:07
52,282010,existing_file,2,E:\zjl\CMU\research\EVSupplyChain\data\UNComtrade_2024_Import_ByPartner\reporter_52\52_282010_M_2024_partners.csv,validated existing CSV,2026-07-15T20:56:07
4,260200,no_data,0,,,2026-07-15T20:56:08
4,282010,no_data,0,,,2026-07-15T20:56:08
4,282090,no_data,0,,,2026-07-15T20:56:08
4,811100,no_data,0,,,2026-07-15T20:56:08
8,260200,no_data,0,,,2026-07-15T20:56:08
8,282010,no_data,0,,,2026-07-15T20:56:08
8,282090,no_data,0,,,2026-07-15T20:56:08
8,811100,no_data,0,,,2026-07-15T20:56:08
12,260200,downloaded,2,E:\zjl\CMU\research\EVSupplyChain\data\UNComtrade_2024_Import_ByPartner\reporter_12\12_260200_M_2024_partners.csv,,2026-07-15T20:56:08
12,282010,downloaded,2,E:\zjl\CMU\research\EVSupplyChain\data\UNComtrade_2024_Import_ByPartner\reporter_12\12_282010_M_2024_partners.csv,,2026-07-15T20:56:08
12,282090,downloaded,9,E:\zjl\CMU\research\EVSupplyChain\data\UNComtrade_2024_Import_ByPartner\reporter_12\12_282090_M_2024_partners.csv,,2026-07-15T20:56:08
12,811100,no_data,0,,,2026-07-15T20:56:08
20,260200,no_data,0,,,2026-07-15T20:56:08
20,282010,no_data,0,,,2026-07-15T20:56:08
20,282090,no_data,0,,,2026-07-15T20:56:08
20,811100,no_data,0,,,2026-07-15T20:56:08
660,260200,no_data,0,,,2026-07-15T20:56:08
660,282010,no_data,0,,,2026-07-15T20:56:08
660,282090,no_data,0,,,2026-07-15T20:56:08
660,811100,no_data,0,,,2026-07-15T20:56:08
28,260200,no_data,0,,,2026-07-15T20:56:08
28,282010,no_data,0,,,2026-07-15T20:56:08
28,282090,no_data,0,,,2026-07-15T20:56:08
28,811100,no_data,0,,,2026-07-15T20:56:08
886,260200,no_data,0,,,2026-07-15T20:56:08
886,282010,no_data,0,,,2026-07-15T20:56:08
886,282090,no_data,0,,,2026-07-15T20:56:08
886,811100,no_data,0,,,2026-07-15T20:56:08
51,260200,no_data,0,,,2026-07-15T20:56:08
533,260200,no_data,0,,,2026-07-15T20:56:08
533,282010,no_data,0,,,2026-07-15T20:56:08
533,282090,no_data,0,,,2026-07-15T20:56:08
533,811100,no_data,0,,,2026-07-15T20:56:08
975,260200,no_data,0,,,2026-07-15T20:56:08
975,282010,no_data,0,,,2026-07-15T20:56:08
975,282090,no_data,0,,,2026-07-15T20:56:08
975,811100,no_data,0,,,2026-07-15T20:56:08
31,260200,no_data,0,,,2026-07-15T20:56:08
31,282090,no_data,0,,,2026-07-15T20:56:08
44,260200,no_data,0,,,2026-07-15T20:56:08
44,282010,downloaded,2,E:\zjl\CMU\research\EVSupplyChain\data\UNComtrade_2024_Import_ByPartner\reporter_44\44_282010_M_2024_partners.csv,,2026-07-15T20:56:08
44,282090,no_data,0,,,2026-07-15T20:56:08
44,811100,no_data,0,,,2026-07-15T20:56:08
48,260200,no_data,0,,,2026-07-15T20:56:08
48,282010,downloaded,2,E:\zjl\CMU\research\EVSupplyChain\data\UNComtrade_2024_Import_ByPartner\reporter_48\48_282010_M_2024_partners.csv,,2026-07-15T20:56:08
48,282090,downloaded,2,E:\zjl\CMU\research\EVSupplyChain\data\UNComtrade_2024_Import_ByPartner\reporter_48\48_282090_M_2024_partners.csv,,2026-07-15T20:56:08
48,811100,downloaded,3,E:\zjl\CMU\research\EVSupplyChain\data\UNComtrade_2024_Import_ByPartner\reporter_48\48_811100_M_2024_partners.csv,,2026-07-15T20:56:08
50,260200,no_data,0,,,2026-07-15T20:56:08
50,282010,no_data,0,,,2026-07-15T20:56:08
50,282090,no_data,0,,,2026-07-15T20:56:08
50,811100,no_data,0,,,2026-07-15T20:56:08
52,260200,no_data,0,,,2026-07-15T20:56:08
52,282090,no_data,0,,,2026-07-15T20:56:08
52,811100,no_data,0,,,2026-07-15T20:56:08
112,260200,no_data,0,,,2026-07-15T20:56:08
112,282010,no_data,0,,,2026-07-15T20:56:08
112,282090,no_data,0,,,2026-07-15T20:56:08
112,811100,no_data,0,,,2026-07-15T20:56:08
56,260200,existing_file,9,E:\zjl\CMU\research\EVSupplyChain\data\UNComtrade_2024_Import_ByPartner\reporter_56\56_260200_M_2024_partners.csv,validated existing CSV,2026-07-15T20:56:08
56,282010,existing_file,14,E:\zjl\CMU\research\EVSupplyChain\data\UNComtrade_2024_Import_ByPartner\reporter_56\56_282010_M_2024_partners.csv,validated existing CSV,2026-07-15T20:56:08
56,282090,existing_file,11,E:\zjl\CMU\research\EVSupplyChain\data\UNComtrade_2024_Import_ByPartner\reporter_56\56_282090_M_2024_partners.csv,validated existing CSV,2026-07-15T20:56:08
56,811100,existing_file,8,E:\zjl\CMU\research\EVSupplyChain\data\UNComtrade_2024_Import_ByPartner\reporter_56\56_811100_M_2024_partners.csv,validated existing CSV,2026-07-15T20:56:08
84,260200,existing_file,2,E:\zjl\CMU\research\EVSupplyChain\data\UNComtrade_2024_Import_ByPartner\reporter_84\84_260200_M_2024_partners.csv,validated existing CSV,2026-07-15T20:56:08
68,260200,existing_file,2,E:\zjl\CMU\research\EVSupplyChain\data\UNComtrade_2024_Import_ByPartner\reporter_68\68_260200_M_2024_partners.csv,validated existing CSV,2026-07-15T20:56:08
68,282010,existing_file,3,E:\zjl\CMU\research\EVSupplyChain\data\UNComtrade_2024_Import_ByPartner\reporter_68\68_282010_M_2024_partners.csv,validated existing CSV,2026-07-15T20:56:08
68,282090,existing_file,6,E:\zjl\CMU\research\EVSupplyChain\data\UNComtrade_2024_Import_ByPartner\reporter_68\68_282090_M_2024_partners.csv,validated existing CSV,2026-07-15T20:56:08
68,811100,existing_file,3,E:\zjl\CMU\research\EVSupplyChain\data\UNComtrade_2024_Import_ByPartner\reporter_68\68_811100_M_2024_partners.csv,validated existing CSV,2026-07-15T20:56:08
70,260200,existing_file,4,E:\zjl\CMU\research\EVSupplyChain\data\UNComtrade_2024_Import_ByPartner\reporter_70\70_260200_M_2024_partners.csv,validated existing CSV,2026-07-15T20:56:08
70,282010,existing_file,2,E:\zjl\CMU\research\EVSupplyChain\data\UNComtrade_2024_Import_ByPartner\reporter_70\70_282010_M_2024_partners.csv,validated existing CSV,2026-07-15T20:56:08
70,282090,existing_file,3,E:\zjl\CMU\research\EVSupplyChain\data\UNComtrade_2024_Import_ByPartner\reporter_70\70_282090_M_2024_partners.csv,validated existing CSV,2026-07-15T20:56:08
70,811100,existing_file,4,E:\zjl\CMU\research\EVSupplyChain\data\UNComtrade_2024_Import_ByPartner\reporter_70\70_811100_M_2024_partners.csv,validated existing CSV,2026-07-15T20:56:08
76,260200,existing_file,8,E:\zjl\CMU\research\EVSupplyChain\data\UNComtrade_2024_Import_ByPartner\reporter_76\76_260200_M_2024_partners.csv,validated existing CSV,2026-07-15T20:56:08
76,282010,existing_file,7,E:\zjl\CMU\research\EVSupplyChain\data\UNComtrade_2024_Import_ByPartner\reporter_76\76_282010_M_2024_partners.csv,validated existing CSV,2026-07-15T20:56:08
76,282090,existing_file,6,E:\zjl\CMU\research\EVSupplyChain\data\UNComtrade_2024_Import_ByPartner\reporter_76\76_282090_M_2024_partners.csv,validated existing CSV,2026-07-15T20:56:08
76,811100,existing_file,13,E:\zjl\CMU\research\EVSupplyChain\data\UNComtrade_2024_Import_ByPartner\reporter_76\76_811100_M_2024_partners.csv,validated existing CSV,2026-07-15T20:56:08
100,260200,existing_file,2,E:\zjl\CMU\research\EVSupplyChain\data\UNComtrade_2024_Import_ByPartner\reporter_100\100_260200_M_2024_partners.csv,validated existing CSV,2026-07-15T20:56:08
100,282090,existing_file,2,E:\zjl\CMU\research\EVSupplyChain\data\UNComtrade_2024_Import_ByPartner\reporter_100\100_282090_M_2024_partners.csv,validated existing CSV,2026-07-15T20:56:08
100,811100,existing_file,5,E:\zjl\CMU\research\EVSupplyChain\data\UNComtrade_2024_Import_ByPartner\reporter_100\100_811100_M_2024_partners.csv,validated existing CSV,2026-07-15T20:56:08
854,260200,existing_file,2,E:\zjl\CMU\research\EVSupplyChain\data\UNComtrade_2024_Import_ByPartner\reporter_854\854_260200_M_2024_partners.csv,validated existing CSV,2026-07-15T20:56:08
854,282010,existing_file,2,E:\zjl\CMU\research\EVSupplyChain\data\UNComtrade_2024_Import_ByPartner\reporter_854\854_282010_M_2024_partners.csv,validated existing CSV,2026-07-15T20:56:08
116,260200,existing_file,2,E:\zjl\CMU\research\EVSupplyChain\data\UNComtrade_2024_Import_ByPartner\reporter_116\116_260200_M_2024_partners.csv,validated existing CSV,2026-07-15T20:56:08
124,260200,existing_file,11,E:\zjl\CMU\research\EVSupplyChain\data\UNComtrade_2024_Import_ByPartner\reporter_124\124_260200_M_2024_partners.csv,validated existing CSV,2026-07-15T20:56:08
124,282010,existing_file,10,E:\zjl\CMU\research\EVSupplyChain\data\UNComtrade_2024_Import_ByPartner\reporter_124\124_282010_M_2024_partners.csv,validated existing CSV,2026-07-15T20:56:08
124,282090,existing_file,9,E:\zjl\CMU\research\EVSupplyChain\data\UNComtrade_2024_Import_ByPartner\reporter_124\124_282090_M_2024_partners.csv,validated existing CSV,2026-07-15T20:56:08
124,811100,existing_file,13,E:\zjl\CMU\research\EVSupplyChain\data\UNComtrade_2024_Import_ByPartner\reporter_124\124_811100_M_2024_partners.csv,validated existing CSV,2026-07-15T20:56:08
58,260200,no_data,0,,,2026-07-15T20:56:10
58,282010,no_data,0,,,2026-07-15T20:56:10
58,282090,no_data,0,,,2026-07-15T20:56:10
58,811100,no_data,0,,,2026-07-15T20:56:10
84,282010,no_data,0,,,2026-07-15T20:56:10
84,282090,no_data,0,,,2026-07-15T20:56:10
84,811100,no_data,0,,,2026-07-15T20:56:10
204,260200,no_data,0,,,2026-07-15T20:56:10
204,282010,no_data,0,,,2026-07-15T20:56:10
204,282090,no_data,0,,,2026-07-15T20:56:10
204,811100,no_data,0,,,2026-07-15T20:56:10
60,260200,no_data,0,,,2026-07-15T20:56:10
60,282010,no_data,0,,,2026-07-15T20:56:10
60,282090,no_data,0,,,2026-07-15T20:56:10
60,811100,no_data,0,,,2026-07-15T20:56:10
64,260200,no_data,0,,,2026-07-15T20:56:10
64,282010,no_data,0,,,2026-07-15T20:56:10
64,282090,no_data,0,,,2026-07-15T20:56:10
64,811100,no_data,0,,,2026-07-15T20:56:10
535,260200,no_data,0,,,2026-07-15T20:56:10
535,282010,no_data,0,,,2026-07-15T20:56:10
535,282090,no_data,0,,,2026-07-15T20:56:10
535,811100,no_data,0,,,2026-07-15T20:56:10
72,260200,no_data,0,,,2026-07-15T20:56:10
72,282010,no_data,0,,,2026-07-15T20:56:10
72,282090,no_data,0,,,2026-07-15T20:56:10
72,811100,no_data,0,,,2026-07-15T20:56:10
92,260200,no_data,0,,,2026-07-15T20:56:10
92,282010,no_data,0,,,2026-07-15T20:56:10
92,282090,no_data,0,,,2026-07-15T20:56:10
92,811100,no_data,0,,,2026-07-15T20:56:10
96,260200,no_data,0,,,2026-07-15T20:56:10
96,282010,no_data,0,,,2026-07-15T20:56:10
96,282090,no_data,0,,,2026-07-15T20:56:10
96,811100,no_data,0,,,2026-07-15T20:56:10
100,282010,no_data,0,,,2026-07-15T20:56:10
854,282090,no_data,0,,,2026-07-15T20:56:10
854,811100,no_data,0,,,2026-07-15T20:56:10
108,260200,no_data,0,,,2026-07-15T20:56:10
108,282010,no_data,0,,,2026-07-15T20:56:10
108,282090,no_data,0,,,2026-07-15T20:56:10
108,811100,no_data,0,,,2026-07-15T20:56:10
132,260200,no_data,0,,,2026-07-15T20:56:10
132,282010,no_data,0,,,2026-07-15T20:56:10
132,282090,no_data,0,,,2026-07-15T20:56:10
132,811100,no_data,0,,,2026-07-15T20:56:10
116,282010,no_data,0,,,2026-07-15T20:56:10
116,282090,no_data,0,,,2026-07-15T20:56:10
116,811100,no_data,0,,,2026-07-15T20:56:10
120,260200,no_data,0,,,2026-07-15T20:56:10
120,282010,no_data,0,,,2026-07-15T20:56:10
120,282090,no_data,0,,,2026-07-15T20:56:10
120,811100,no_data,0,,,2026-07-15T20:56:10
152,260200,existing_file,5,E:\zjl\CMU\research\EVSupplyChain\data\UNComtrade_2024_Import_ByPartner\reporter_152\152_260200_M_2024_partners.csv,validated existing CSV,2026-07-15T20:56:10
152,282010,existing_file,5,E:\zjl\CMU\research\EVSupplyChain\data\UNComtrade_2024_Import_ByPartner\reporter_152\152_282010_M_2024_partners.csv,validated existing CSV,2026-07-15T20:56:10
152,282090,existing_file,6,E:\zjl\CMU\research\EVSupplyChain\data\UNComtrade_2024_Import_ByPartner\reporter_152\152_282090_M_2024_partners.csv,validated existing CSV,2026-07-15T20:56:10
152,811100,existing_file,5,E:\zjl\CMU\research\EVSupplyChain\data\UNComtrade_2024_Import_ByPartner\reporter_152\152_811100_M_2024_partners.csv,validated existing CSV,2026-07-15T20:56:10
156,260200,existing_file,33,E:\zjl\CMU\research\EVSupplyChain\data\UNComtrade_2024_Import_ByPartner\reporter_156\156_260200_M_2024_partners.csv,validated existing CSV,2026-07-15T20:56:10
156,282010,existing_file,12,E:\zjl\CMU\research\EVSupplyChain\data\UNComtrade_2024_Import_ByPartner\reporter_156\156_282010_M_2024_partners.csv,validated existing CSV,2026-07-15T20:56:10
156,282090,existing_file,10,E:\zjl\CMU\research\EVSupplyChain\data\UNComtrade_2024_Import_ByPartner\reporter_156\156_282090_M_2024_partners.csv,validated existing CSV,2026-07-15T20:56:10
156,811100,existing_file,13,E:\zjl\CMU\research\EVSupplyChain\data\UNComtrade_2024_Import_ByPartner\reporter_156\156_811100_M_2024_partners.csv,validated existing CSV,2026-07-15T20:56:10
344,282010,existing_file,3,E:\zjl\CMU\research\EVSupplyChain\data\UNComtrade_2024_Import_ByPartner\reporter_344\344_282010_M_2024_partners.csv,validated existing CSV,2026-07-15T20:56:10
344,811100,existing_file,2,E:\zjl\CMU\research\EVSupplyChain\data\UNComtrade_2024_Import_ByPartner\reporter_344\344_811100_M_2024_partners.csv,validated existing CSV,2026-07-15T20:56:10
170,260200,existing_file,7,E:\zjl\CMU\research\EVSupplyChain\data\UNComtrade_2024_Import_ByPartner\reporter_170\170_260200_M_2024_partners.csv,validated existing CSV,2026-07-15T20:56:10
170,282010,existing_file,5,E:\zjl\CMU\research\EVSupplyChain\data\UNComtrade_2024_Import_ByPartner\reporter_170\170_282010_M_2024_partners.csv,validated existing CSV,2026-07-15T20:56:10
170,282090,existing_file,11,E:\zjl\CMU\research\EVSupplyChain\data\UNComtrade_2024_Import_ByPartner\reporter_170\170_282090_M_2024_partners.csv,validated existing CSV,2026-07-15T20:56:10
170,811100,existing_file,8,E:\zjl\CMU\research\EVSupplyChain\data\UNComtrade_2024_Import_ByPartner\reporter_170\170_811100_M_2024_partners.csv,validated existing CSV,2026-07-15T20:56:10
188,282010,existing_file,6,E:\zjl\CMU\research\EVSupplyChain\data\UNComtrade_2024_Import_ByPartner\reporter_188\188_282010_M_2024_partners.csv,validated existing CSV,2026-07-15T20:56:10
188,282090,existing_file,3,E:\zjl\CMU\research\EVSupplyChain\data\UNComtrade_2024_Import_ByPartner\reporter_188\188_282090_M_2024_partners.csv,validated existing CSV,2026-07-15T20:56:10
384,260200,existing_file,5,E:\zjl\CMU\research\EVSupplyChain\data\UNComtrade_2024_Import_ByPartner\reporter_384\384_260200_M_2024_partners.csv,validated existing CSV,2026-07-15T20:56:10
384,282010,existing_file,2,E:\zjl\CMU\research\EVSupplyChain\data\UNComtrade_2024_Import_ByPartner\reporter_384\384_282010_M_2024_partners.csv,validated existing CSV,2026-07-15T20:56:10
384,282090,existing_file,3,E:\zjl\CMU\research\EVSupplyChain\data\UNComtrade_2024_Import_ByPartner\reporter_384\384_282090_M_2024_partners.csv,validated existing CSV,2026-07-15T20:56:10
191,260200,existing_file,2,E:\zjl\CMU\research\EVSupplyChain\data\UNComtrade_2024_Import_ByPartner\reporter_191\191_260200_M_2024_partners.csv,validated existing CSV,2026-07-15T20:56:10
191,282010,existing_file,3,E:\zjl\CMU\research\EVSupplyChain\data\UNComtrade_2024_Import_ByPartner\reporter_191\191_282010_M_2024_partners.csv,validated existing CSV,2026-07-15T20:56:10
191,282090,existing_file,5,E:\zjl\CMU\research\EVSupplyChain\data\UNComtrade_2024_Import_ByPartner\reporter_191\191_282090_M_2024_partners.csv,validated existing CSV,2026-07-15T20:56:10
191,811100,existing_file,7,E:\zjl\CMU\research\EVSupplyChain\data\UNComtrade_2024_Import_ByPartner\reporter_191\191_811100_M_2024_partners.csv,validated existing CSV,2026-07-15T20:56:10
196,282010,existing_file,2,E:\zjl\CMU\research\EVSupplyChain\data\UNComtrade_2024_Import_ByPartner\reporter_196\196_282010_M_2024_partners.csv,validated existing CSV,2026-07-15T20:56:10
196,282090,existing_file,4,E:\zjl\CMU\research\EVSupplyChain\data\UNComtrade_2024_Import_ByPartner\reporter_196\196_282090_M_2024_partners.csv,validated existing CSV,2026-07-15T20:56:10
196,811100,existing_file,3,E:\zjl\CMU\research\EVSupplyChain\data\UNComtrade_2024_Import_ByPartner\reporter_196\196_811100_M_2024_partners.csv,validated existing CSV,2026-07-15T20:56:10
203,260200,existing_file,10,E:\zjl\CMU\research\EVSupplyChain\data\UNComtrade_2024_Import_ByPartner\reporter_203\203_260200_M_2024_partners.csv,validated existing CSV,2026-07-15T20:56:10
203,282010,existing_file,3,E:\zjl\CMU\research\EVSupplyChain\data\UNComtrade_2024_Import_ByPartner\reporter_203\203_282010_M_2024_partners.csv,validated existing CSV,2026-07-15T20:56:10
203,282090,existing_file,9,E:\zjl\CMU\research\EVSupplyChain\data\UNComtrade_2024_Import_ByPartner\reporter_203\203_282090_M_2024_partners.csv,validated existing CSV,2026-07-15T20:56:10
203,811100,existing_file,10,E:\zjl\CMU\research\EVSupplyChain\data\UNComtrade_2024_Import_ByPartner\reporter_203\203_811100_M_2024_partners.csv,validated existing CSV,2026-07-15T20:56:10
136,260200,no_data,0,,,2026-07-15T20:56:11
136,282010,no_data,0,,,2026-07-15T20:56:11
136,282090,no_data,0,,,2026-07-15T20:56:11
136,811100,no_data,0,,,2026-07-15T20:56:11
140,260200,no_data,0,,,2026-07-15T20:56:11
140,282010,no_data,0,,,2026-07-15T20:56:11
140,282090,no_data,0,,,2026-07-15T20:56:11
140,811100,no_data,0,,,2026-07-15T20:56:11
148,260200,no_data,0,,,2026-07-15T20:56:11
148,282010,no_data,0,,,2026-07-15T20:56:11
148,282090,no_data,0,,,2026-07-15T20:56:11
148,811100,no_data,0,,,2026-07-15T20:56:11
344,260200,no_data,0,,,2026-07-15T20:56:11
344,282090,no_data,0,,,2026-07-15T20:56:11
446,260200,no_data,0,,,2026-07-15T20:56:11
446,282010,no_data,0,,,2026-07-15T20:56:11
446,282090,no_data,0,,,2026-07-15T20:56:11
446,811100,no_data,0,,,2026-07-15T20:56:11
174,260200,no_data,0,,,2026-07-15T20:56:11
174,282010,no_data,0,,,2026-07-15T20:56:11
174,282090,no_data,0,,,2026-07-15T20:56:11
174,811100,no_data,0,,,2026-07-15T20:56:11
178,260200,no_data,0,,,2026-07-15T20:56:11
178,282010,no_data,0,,,2026-07-15T20:56:11
178,282090,no_data,0,,,2026-07-15T20:56:11
178,811100,no_data,0,,,2026-07-15T20:56:11
184,260200,no_data,0,,,2026-07-15T20:56:11
184,282010,no_data,0,,,2026-07-15T20:56:11
184,282090,no_data,0,,,2026-07-15T20:56:11
184,811100,no_data,0,,,2026-07-15T20:56:11
188,260200,no_data,0,,,2026-07-15T20:56:11
188,811100,no_data,0,,,2026-07-15T20:56:11
384,811100,no_data,0,,,2026-07-15T20:56:11
192,260200,no_data,0,,,2026-07-15T20:56:11
192,282010,no_data,0,,,2026-07-15T20:56:11
192,282090,no_data,0,,,2026-07-15T20:56:11
192,811100,no_data,0,,,2026-07-15T20:56:11
531,260200,no_data,0,,,2026-07-15T20:56:11
531,282010,no_data,0,,,2026-07-15T20:56:11
531,282090,no_data,0,,,2026-07-15T20:56:11
531,811100,no_data,0,,,2026-07-15T20:56:11
196,260200,no_data,0,,,2026-07-15T20:56:11
200,260200,no_data,0,,,2026-07-15T20:56:11
200,282010,no_data,0,,,2026-07-15T20:56:11
200,282090,no_data,0,,,2026-07-15T20:56:11
200,811100,no_data,0,,,2026-07-15T20:56:11
408,260200,no_data,0,,,2026-07-15T20:56:11
408,282010,no_data,0,,,2026-07-15T20:56:11
408,282090,no_data,0,,,2026-07-15T20:56:11
408,811100,no_data,0,,,2026-07-15T20:56:11
208,260200,existing_file,6,E:\zjl\CMU\research\EVSupplyChain\data\UNComtrade_2024_Import_ByPartner\reporter_208\208_260200_M_2024_partners.csv,validated existing CSV,2026-07-15T20:56:11
208,282010,existing_file,9,E:\zjl\CMU\research\EVSupplyChain\data\UNComtrade_2024_Import_ByPartner\reporter_208\208_282010_M_2024_partners.csv,validated existing CSV,2026-07-15T20:56:11
208,282090,existing_file,8,E:\zjl\CMU\research\EVSupplyChain\data\UNComtrade_2024_Import_ByPartner\reporter_208\208_282090_M_2024_partners.csv,validated existing CSV,2026-07-15T20:56:11
208,811100,existing_file,5,E:\zjl\CMU\research\EVSupplyChain\data\UNComtrade_2024_Import_ByPartner\reporter_208\208_811100_M_2024_partners.csv,validated existing CSV,2026-07-15T20:56:11
214,260200,existing_file,2,E:\zjl\CMU\research\EVSupplyChain\data\UNComtrade_2024_Import_ByPartner\reporter_214\214_260200_M_2024_partners.csv,validated existing CSV,2026-07-15T20:56:11
214,282090,existing_file,5,E:\zjl\CMU\research\EVSupplyChain\data\UNComtrade_2024_Import_ByPartner\reporter_214\214_282090_M_2024_partners.csv,validated existing CSV,2026-07-15T20:56:11
218,260200,existing_file,4,E:\zjl\CMU\research\EVSupplyChain\data\UNComtrade_2024_Import_ByPartner\reporter_218\218_260200_M_2024_partners.csv,validated existing CSV,2026-07-15T20:56:11
218,282010,existing_file,4,E:\zjl\CMU\research\EVSupplyChain\data\UNComtrade_2024_Import_ByPartner\reporter_218\218_282010_M_2024_partners.csv,validated existing CSV,2026-07-15T20:56:11
218,282090,existing_file,5,E:\zjl\CMU\research\EVSupplyChain\data\UNComtrade_2024_Import_ByPartner\reporter_218\218_282090_M_2024_partners.csv,validated existing CSV,2026-07-15T20:56:11
218,811100,existing_file,4,E:\zjl\CMU\research\EVSupplyChain\data\UNComtrade_2024_Import_ByPartner\reporter_218\218_811100_M_2024_partners.csv,validated existing CSV,2026-07-15T20:56:11
818,260200,existing_file,2,E:\zjl\CMU\research\EVSupplyChain\data\UNComtrade_2024_Import_ByPartner\reporter_818\818_260200_M_2024_partners.csv,validated existing CSV,2026-07-15T20:56:11
818,282010,existing_file,3,E:\zjl\CMU\research\EVSupplyChain\data\UNComtrade_2024_Import_ByPartner\reporter_818\818_282010_M_2024_partners.csv,validated existing CSV,2026-07-15T20:56:11
818,282090,existing_file,5,E:\zjl\CMU\research\EVSupplyChain\data\UNComtrade_2024_Import_ByPartner\reporter_818\818_282090_M_2024_partners.csv,validated existing CSV,2026-07-15T20:56:11
818,811100,existing_file,3,E:\zjl\CMU\research\EVSupplyChain\data\UNComtrade_2024_Import_ByPartner\reporter_818\818_811100_M_2024_partners.csv,validated existing CSV,2026-07-15T20:56:11
222,282010,existing_file,4,E:\zjl\CMU\research\EVSupplyChain\data\UNComtrade_2024_Import_ByPartner\reporter_222\222_282010_M_2024_partners.csv,validated existing CSV,2026-07-15T20:56:11
222,282090,existing_file,4,E:\zjl\CMU\research\EVSupplyChain\data\UNComtrade_2024_Import_ByPartner\reporter_222\222_282090_M_2024_partners.csv,validated existing CSV,2026-07-15T20:56:11
233,260200,existing_file,6,E:\zjl\CMU\research\EVSupplyChain\data\UNComtrade_2024_Import_ByPartner\reporter_233\233_260200_M_2024_partners.csv,validated existing CSV,2026-07-15T20:56:11
233,282010,existing_file,8,E:\zjl\CMU\research\EVSupplyChain\data\UNComtrade_2024_Import_ByPartner\reporter_233\233_282010_M_2024_partners.csv,validated existing CSV,2026-07-15T20:56:11
233,282090,existing_file,3,E:\zjl\CMU\research\EVSupplyChain\data\UNComtrade_2024_Import_ByPartner\reporter_233\233_282090_M_2024_partners.csv,validated existing CSV,2026-07-15T20:56:11
233,811100,existing_file,6,E:\zjl\CMU\research\EVSupplyChain\data\UNComtrade_2024_Import_ByPartner\reporter_233\233_811100_M_2024_partners.csv,validated existing CSV,2026-07-15T20:56:11
97,260200,existing_file,32,E:\zjl\CMU\research\EVSupplyChain\data\UNComtrade_2024_Import_ByPartner\reporter_97\97_260200_M_2024_partners.csv,validated existing CSV,2026-07-15T20:56:11
97,282010,existing_file,19,E:\zjl\CMU\research\EVSupplyChain\data\UNComtrade_2024_Import_ByPartner\reporter_97\97_282010_M_2024_partners.csv,validated existing CSV,2026-07-15T20:56:11
97,282090,existing_file,24,E:\zjl\CMU\research\EVSupplyChain\data\UNComtrade_2024_Import_ByPartner\reporter_97\97_282090_M_2024_partners.csv,validated existing CSV,2026-07-15T20:56:11
97,811100,existing_file,18,E:\zjl\CMU\research\EVSupplyChain\data\UNComtrade_2024_Import_ByPartner\reporter_97\97_811100_M_2024_partners.csv,validated existing CSV,2026-07-15T20:56:11
278,260200,no_data,0,,,2026-07-15T20:56:25
278,282010,no_data,0,,,2026-07-15T20:56:25
278,282090,no_data,0,,,2026-07-15T20:56:25
278,811100,no_data,0,,,2026-07-15T20:56:25
180,260200,no_data,0,,,2026-07-15T20:56:25
180,282010,no_data,0,,,2026-07-15T20:56:25
180,282090,no_data,0,,,2026-07-15T20:56:25
180,811100,no_data,0,,,2026-07-15T20:56:25
866,260200,no_data,0,,,2026-07-15T20:56:25
866,282010,no_data,0,,,2026-07-15T20:56:25
866,282090,no_data,0,,,2026-07-15T20:56:25
866,811100,no_data,0,,,2026-07-15T20:56:25
720,260200,no_data,0,,,2026-07-15T20:56:25
720,282010,no_data,0,,,2026-07-15T20:56:25
720,282090,no_data,0,,,2026-07-15T20:56:25
720,811100,no_data,0,,,2026-07-15T20:56:25
262,260200,no_data,0,,,2026-07-15T20:56:25
262,282010,no_data,0,,,2026-07-15T20:56:25
262,282090,no_data,0,,,2026-07-15T20:56:25
262,811100,no_data,0,,,2026-07-15T20:56:25
212,260200,no_data,0,,,2026-07-15T20:56:25
212,282010,no_data,0,,,2026-07-15T20:56:25
212,282090,no_data,0,,,2026-07-15T20:56:25
212,811100,no_data,0,,,2026-07-15T20:56:25
214,282010,no_data,0,,,2026-07-15T20:56:25
214,811100,no_data,0,,,2026-07-15T20:56:25
588,260200,no_data,0,,,2026-07-15T20:56:25
588,282010,no_data,0,,,2026-07-15T20:56:25
588,282090,no_data,0,,,2026-07-15T20:56:25
588,811100,no_data,0,,,2026-07-15T20:56:25
222,260200,no_data,0,,,2026-07-15T20:56:25
222,811100,no_data,0,,,2026-07-15T20:56:26
226,260200,no_data,0,,,2026-07-15T20:56:26
226,282010,no_data,0,,,2026-07-15T20:56:26
226,282090,no_data,0,,,2026-07-15T20:56:26
226,811100,no_data,0,,,2026-07-15T20:56:26
232,260200,no_data,0,,,2026-07-15T20:56:26
232,282010,no_data,0,,,2026-07-15T20:56:26
232,282090,no_data,0,,,2026-07-15T20:56:26
232,811100,no_data,0,,,2026-07-15T20:56:26
748,260200,no_data,0,,,2026-07-15T20:56:26
748,282010,no_data,0,,,2026-07-15T20:56:26
748,282090,no_data,0,,,2026-07-15T20:56:26
748,811100,no_data,0,,,2026-07-15T20:56:26
231,260200,no_data,0,,,2026-07-15T20:56:26
231,282010,no_data,0,,,2026-07-15T20:56:26
231,282090,no_data,0,,,2026-07-15T20:56:26
231,811100,no_data,0,,,2026-07-15T20:56:26
230,260200,no_data,0,,,2026-07-15T20:56:26
230,282010,no_data,0,,,2026-07-15T20:56:26
230,282090,no_data,0,,,2026-07-15T20:56:26
230,811100,no_data,0,,,2026-07-15T20:56:26
234,260200,no_data,0,,,2026-07-15T20:56:26
234,282010,no_data,0,,,2026-07-15T20:56:26
234,282090,no_data,0,,,2026-07-15T20:56:26
234,811100,no_data,0,,,2026-07-15T20:56:26
246,260200,existing_file,8,E:\zjl\CMU\research\EVSupplyChain\data\UNComtrade_2024_Import_ByPartner\reporter_246\246_260200_M_2024_partners.csv,validated existing CSV,2026-07-15T20:56:26
246,282010,existing_file,6,E:\zjl\CMU\research\EVSupplyChain\data\UNComtrade_2024_Import_ByPartner\reporter_246\246_282010_M_2024_partners.csv,validated existing CSV,2026-07-15T20:56:26
246,282090,existing_file,3,E:\zjl\CMU\research\EVSupplyChain\data\UNComtrade_2024_Import_ByPartner\reporter_246\246_282090_M_2024_partners.csv,validated existing CSV,2026-07-15T20:56:26
246,811100,existing_file,7,E:\zjl\CMU\research\EVSupplyChain\data\UNComtrade_2024_Import_ByPartner\reporter_246\246_811100_M_2024_partners.csv,validated existing CSV,2026-07-15T20:56:26
251,260200,existing_file,26,E:\zjl\CMU\research\EVSupplyChain\data\UNComtrade_2024_Import_ByPartner\reporter_251\251_260200_M_2024_partners.csv,validated existing CSV,2026-07-15T20:56:26
251,282090,existing_file,24,E:\zjl\CMU\research\EVSupplyChain\data\UNComtrade_2024_Import_ByPartner\reporter_251\251_282090_M_2024_partners.csv,validated existing CSV,2026-07-15T20:56:26
251,811100,existing_file,20,E:\zjl\CMU\research\EVSupplyChain\data\UNComtrade_2024_Import_ByPartner\reporter_251\251_811100_M_2024_partners.csv,validated existing CSV,2026-07-15T20:56:26
268,260200,existing_file,7,E:\zjl\CMU\research\EVSupplyChain\data\UNComtrade_2024_Import_ByPartner\reporter_268\268_260200_M_2024_partners.csv,validated existing CSV,2026-07-15T20:56:26
268,282010,existing_file,3,E:\zjl\CMU\research\EVSupplyChain\data\UNComtrade_2024_Import_ByPartner\reporter_268\268_282010_M_2024_partners.csv,validated existing CSV,2026-07-15T20:56:26
276,260200,existing_file,13,E:\zjl\CMU\research\EVSupplyChain\data\UNComtrade_2024_Import_ByPartner\reporter_276\276_260200_M_2024_partners.csv,validated existing CSV,2026-07-15T20:56:26
276,282010,existing_file,13,E:\zjl\CMU\research\EVSupplyChain\data\UNComtrade_2024_Import_ByPartner\reporter_276\276_282010_M_2024_partners.csv,validated existing CSV,2026-07-15T20:56:26
276,282090,existing_file,15,E:\zjl\CMU\research\EVSupplyChain\data\UNComtrade_2024_Import_ByPartner\reporter_276\276_282090_M_2024_partners.csv,validated existing CSV,2026-07-15T20:56:26
276,811100,existing_file,20,E:\zjl\CMU\research\EVSupplyChain\data\UNComtrade_2024_Import_ByPartner\reporter_276\276_811100_M_2024_partners.csv,validated existing CSV,2026-07-15T20:56:26
300,260200,existing_file,8,E:\zjl\CMU\research\EVSupplyChain\data\UNComtrade_2024_Import_ByPartner\reporter_300\300_260200_M_2024_partners.csv,validated existing CSV,2026-07-15T20:56:26
300,282010,existing_file,5,E:\zjl\CMU\research\EVSupplyChain\data\UNComtrade_2024_Import_ByPartner\reporter_300\300_282010_M_2024_partners.csv,validated existing CSV,2026-07-15T20:56:26
300,282090,existing_file,6,E:\zjl\CMU\research\EVSupplyChain\data\UNComtrade_2024_Import_ByPartner\reporter_300\300_282090_M_2024_partners.csv,validated existing CSV,2026-07-15T20:56:26
300,811100,existing_file,8,E:\zjl\CMU\research\EVSupplyChain\data\UNComtrade_2024_Import_ByPartner\reporter_300\300_811100_M_2024_partners.csv,validated existing CSV,2026-07-15T20:56:26
308,282010,existing_file,3,E:\zjl\CMU\research\EVSupplyChain\data\UNComtrade_2024_Import_ByPartner\reporter_308\308_282010_M_2024_partners.csv,validated existing CSV,2026-07-15T20:56:26
320,260200,existing_file,3,E:\zjl\CMU\research\EVSupplyChain\data\UNComtrade_2024_Import_ByPartner\reporter_320\320_260200_M_2024_partners.csv,validated existing CSV,2026-07-15T20:56:26
320,282010,existing_file,3,E:\zjl\CMU\research\EVSupplyChain\data\UNComtrade_2024_Import_ByPartner\reporter_320\320_282010_M_2024_partners.csv,validated existing CSV,2026-07-15T20:56:26
320,282090,existing_file,8,E:\zjl\CMU\research\EVSupplyChain\data\UNComtrade_2024_Import_ByPartner\reporter_320\320_282090_M_2024_partners.csv,validated existing CSV,2026-07-15T20:56:26
280,260200,no_data,0,,,2026-07-15T20:56:28
280,282010,no_data,0,,,2026-07-15T20:56:28
280,282090,no_data,0,,,2026-07-15T20:56:28
280,811100,no_data,0,,,2026-07-15T20:56:28
242,260200,no_data,0,,,2026-07-15T20:56:28
242,282010,no_data,0,,,2026-07-15T20:56:28
242,282090,no_data,0,,,2026-07-15T20:56:28
242,811100,no_data,0,,,2026-07-15T20:56:28
251,282010,no_data,0,,,2026-07-15T20:56:28
254,260200,no_data,0,,,2026-07-15T20:56:28
254,282010,no_data,0,,,2026-07-15T20:56:28
254,282090,no_data,0,,,2026-07-15T20:56:28
254,811100,no_data,0,,,2026-07-15T20:56:28
258,260200,no_data,0,,,2026-07-15T20:56:28
258,282010,no_data,0,,,2026-07-15T20:56:28
258,282090,no_data,0,,,2026-07-15T20:56:28
258,811100,no_data,0,,,2026-07-15T20:56:28
583,260200,no_data,0,,,2026-07-15T20:56:28
583,282010,no_data,0,,,2026-07-15T20:56:28
583,282090,no_data,0,,,2026-07-15T20:56:28
583,811100,no_data,0,,,2026-07-15T20:56:28
266,260200,no_data,0,,,2026-07-15T20:56:28
266,282010,no_data,0,,,2026-07-15T20:56:28
266,282090,no_data,0,,,2026-07-15T20:56:28
266,811100,no_data,0,,,2026-07-15T20:56:28
270,260200,no_data,0,,,2026-07-15T20:56:28
270,282010,no_data,0,,,2026-07-15T20:56:28
270,282090,no_data,0,,,2026-07-15T20:56:28
270,811100,no_data,0,,,2026-07-15T20:56:28
268,282090,no_data,0,,,2026-07-15T20:56:28
268,811100,no_data,0,,,2026-07-15T20:56:28
288,260200,no_data,0,,,2026-07-15T20:56:28
288,282010,no_data,0,,,2026-07-15T20:56:28
288,282090,no_data,0,,,2026-07-15T20:56:28
288,811100,no_data,0,,,2026-07-15T20:56:28
292,260200,no_data,0,,,2026-07-15T20:56:28
292,282010,no_data,0,,,2026-07-15T20:56:28
292,282090,no_data,0,,,2026-07-15T20:56:28
292,811100,no_data,0,,,2026-07-15T20:56:28
304,260200,no_data,0,,,2026-07-15T20:56:28
304,282010,no_data,0,,,2026-07-15T20:56:28
304,282090,no_data,0,,,2026-07-15T20:56:28
304,811100,no_data,0,,,2026-07-15T20:56:28
308,260200,no_data,0,,,2026-07-15T20:56:28
308,282090,no_data,0,,,2026-07-15T20:56:28
308,811100,no_data,0,,,2026-07-15T20:56:28
312,260200,no_data,0,,,2026-07-15T20:56:28
312,282010,no_data,0,,,2026-07-15T20:56:28
312,282090,no_data,0,,,2026-07-15T20:56:28
312,811100,no_data,0,,,2026-07-15T20:56:28
320,811100,no_data,0,,,2026-07-15T20:56:28
324,260200,no_data,0,,,2026-07-15T20:56:28
324,282010,no_data,0,,,2026-07-15T20:56:28
324,282090,no_data,0,,,2026-07-15T20:56:28
324,811100,no_data,0,,,2026-07-15T20:56:28
624,260200,no_data,0,,,2026-07-15T20:56:28
624,282010,no_data,0,,,2026-07-15T20:56:28
624,282090,no_data,0,,,2026-07-15T20:56:28
624,811100,no_data,0,,,2026-07-15T20:56:28
328,260200,existing_file,3,E:\zjl\CMU\research\EVSupplyChain\data\UNComtrade_2024_Import_ByPartner\reporter_328\328_260200_M_2024_partners.csv,validated existing CSV,2026-07-15T20:56:28
328,282010,existing_file,5,E:\zjl\CMU\research\EVSupplyChain\data\UNComtrade_2024_Import_ByPartner\reporter_328\328_282010_M_2024_partners.csv,validated existing CSV,2026-07-15T20:56:28
328,282090,existing_file,2,E:\zjl\CMU\research\EVSupplyChain\data\UNComtrade_2024_Import_ByPartner\reporter_328\328_282090_M_2024_partners.csv,validated existing CSV,2026-07-15T20:56:28
340,260200,existing_file,2,E:\zjl\CMU\research\EVSupplyChain\data\UNComtrade_2024_Import_ByPartner\reporter_340\340_260200_M_2024_partners.csv,validated existing CSV,2026-07-15T20:56:28
340,282090,existing_file,2,E:\zjl\CMU\research\EVSupplyChain\data\UNComtrade_2024_Import_ByPartner\reporter_340\340_282090_M_2024_partners.csv,validated existing CSV,2026-07-15T20:56:28
340,811100,existing_file,2,E:\zjl\CMU\research\EVSupplyChain\data\UNComtrade_2024_Import_ByPartner\reporter_340\340_811100_M_2024_partners.csv,validated existing CSV,2026-07-15T20:56:28
348,260200,existing_file,5,E:\zjl\CMU\research\EVSupplyChain\data\UNComtrade_2024_Import_ByPartner\reporter_348\348_260200_M_2024_partners.csv,validated existing CSV,2026-07-15T20:56:28
348,282010,existing_file,6,E:\zjl\CMU\research\EVSupplyChain\data\UNComtrade_2024_Import_ByPartner\reporter_348\348_282010_M_2024_partners.csv,validated existing CSV,2026-07-15T20:56:28
348,282090,existing_file,10,E:\zjl\CMU\research\EVSupplyChain\data\UNComtrade_2024_Import_ByPartner\reporter_348\348_282090_M_2024_partners.csv,validated existing CSV,2026-07-15T20:56:28
348,811100,existing_file,8,E:\zjl\CMU\research\EVSupplyChain\data\UNComtrade_2024_Import_ByPartner\reporter_348\348_811100_M_2024_partners.csv,validated existing CSV,2026-07-15T20:56:28
352,811100,existing_file,3,E:\zjl\CMU\research\EVSupplyChain\data\UNComtrade_2024_Import_ByPartner\reporter_352\352_811100_M_2024_partners.csv,validated existing CSV,2026-07-15T20:56:28
699,260200,existing_file,21,E:\zjl\CMU\research\EVSupplyChain\data\UNComtrade_2024_Import_ByPartner\reporter_699\699_260200_M_2024_partners.csv,validated existing CSV,2026-07-15T20:56:28
699,282010,existing_file,13,E:\zjl\CMU\research\EVSupplyChain\data\UNComtrade_2024_Import_ByPartner\reporter_699\699_282010_M_2024_partners.csv,validated existing CSV,2026-07-15T20:56:28
699,282090,existing_file,17,E:\zjl\CMU\research\EVSupplyChain\data\UNComtrade_2024_Import_ByPartner\reporter_699\699_282090_M_2024_partners.csv,validated existing CSV,2026-07-15T20:56:28
699,811100,existing_file,14,E:\zjl\CMU\research\EVSupplyChain\data\UNComtrade_2024_Import_ByPartner\reporter_699\699_811100_M_2024_partners.csv,validated existing CSV,2026-07-15T20:56:28
360,260200,existing_file,11,E:\zjl\CMU\research\EVSupplyChain\data\UNComtrade_2024_Import_ByPartner\reporter_360\360_260200_M_2024_partners.csv,validated existing CSV,2026-07-15T20:56:28
360,282010,existing_file,13,E:\zjl\CMU\research\EVSupplyChain\data\UNComtrade_2024_Import_ByPartner\reporter_360\360_282010_M_2024_partners.csv,validated existing CSV,2026-07-15T20:56:28
360,282090,existing_file,8,E:\zjl\CMU\research\EVSupplyChain\data\UNComtrade_2024_Import_ByPartner\reporter_360\360_282090_M_2024_partners.csv,validated existing CSV,2026-07-15T20:56:28
360,811100,existing_file,7,E:\zjl\CMU\research\EVSupplyChain\data\UNComtrade_2024_Import_ByPartner\reporter_360\360_811100_M_2024_partners.csv,validated existing CSV,2026-07-15T20:56:28
372,260200,existing_file,4,E:\zjl\CMU\research\EVSupplyChain\data\UNComtrade_2024_Import_ByPartner\reporter_372\372_260200_M_2024_partners.csv,validated existing CSV,2026-07-15T20:56:28
372,282010,existing_file,6,E:\zjl\CMU\research\EVSupplyChain\data\UNComtrade_2024_Import_ByPartner\reporter_372\372_282010_M_2024_partners.csv,validated existing CSV,2026-07-15T20:56:28
372,282090,existing_file,11,E:\zjl\CMU\research\EVSupplyChain\data\UNComtrade_2024_Import_ByPartner\reporter_372\372_282090_M_2024_partners.csv,validated existing CSV,2026-07-15T20:56:28
372,811100,existing_file,5,E:\zjl\CMU\research\EVSupplyChain\data\UNComtrade_2024_Import_ByPartner\reporter_372\372_811100_M_2024_partners.csv,validated existing CSV,2026-07-15T20:56:28
376,260200,existing_file,2,E:\zjl\CMU\research\EVSupplyChain\data\UNComtrade_2024_Import_ByPartner\reporter_376\376_260200_M_2024_partners.csv,validated existing CSV,2026-07-15T20:56:28
376,282010,existing_file,5,E:\zjl\CMU\research\EVSupplyChain\data\UNComtrade_2024_Import_ByPartner\reporter_376\376_282010_M_2024_partners.csv,validated existing CSV,2026-07-15T20:56:28
376,282090,existing_file,9,E:\zjl\CMU\research\EVSupplyChain\data\UNComtrade_2024_Import_ByPartner\reporter_376\376_282090_M_2024_partners.csv,validated existing CSV,2026-07-15T20:56:28
376,811100,existing_file,6,E:\zjl\CMU\research\EVSupplyChain\data\UNComtrade_2024_Import_ByPartner\reporter_376\376_811100_M_2024_partners.csv,validated existing CSV,2026-07-15T20:56:28
380,260200,existing_file,11,E:\zjl\CMU\research\EVSupplyChain\data\UNComtrade_2024_Import_ByPartner\reporter_380\380_260200_M_2024_partners.csv,validated existing CSV,2026-07-15T20:56:28
380,282010,existing_file,11,E:\zjl\CMU\research\EVSupplyChain\data\UNComtrade_2024_Import_ByPartner\reporter_380\380_282010_M_2024_partners.csv,validated existing CSV,2026-07-15T20:56:28
380,282090,existing_file,18,E:\zjl\CMU\research\EVSupplyChain\data\UNComtrade_2024_Import_ByPartner\reporter_380\380_282090_M_2024_partners.csv,validated existing CSV,2026-07-15T20:56:28
380,811100,existing_file,14,E:\zjl\CMU\research\EVSupplyChain\data\UNComtrade_2024_Import_ByPartner\reporter_380\380_811100_M_2024_partners.csv,validated existing CSV,2026-07-15T20:56:28
392,260200,existing_file,9,E:\zjl\CMU\research\EVSupplyChain\data\UNComtrade_2024_Import_ByPartner\reporter_392\392_260200_M_2024_partners.csv,validated existing CSV,2026-07-15T20:56:28
392,282010,existing_file,4,E:\zjl\CMU\research\EVSupplyChain\data\UNComtrade_2024_Import_ByPartner\reporter_392\392_282010_M_2024_partners.csv,validated existing CSV,2026-07-15T20:56:28
392,282090,existing_file,6,E:\zjl\CMU\research\EVSupplyChain\data\UNComtrade_2024_Import_ByPartner\reporter_392\392_282090_M_2024_partners.csv,validated existing CSV,2026-07-15T20:56:28
392,811100,existing_file,8,E:\zjl\CMU\research\EVSupplyChain\data\UNComtrade_2024_Import_ByPartner\reporter_392\392_811100_M_2024_partners.csv,validated existing CSV,2026-07-15T20:56:28
398,260200,existing_file,5,E:\zjl\CMU\research\EVSupplyChain\data\UNComtrade_2024_Import_ByPartner\reporter_398\398_260200_M_2024_partners.csv,validated existing CSV,2026-07-15T20:56:28
398,282010,existing_file,8,E:\zjl\CMU\research\EVSupplyChain\data\UNComtrade_2024_Import_ByPartner\reporter_398\398_282010_M_2024_partners.csv,validated existing CSV,2026-07-15T20:56:28
398,282090,existing_file,6,E:\zjl\CMU\research\EVSupplyChain\data\UNComtrade_2024_Import_ByPartner\reporter_398\398_282090_M_2024_partners.csv,validated existing CSV,2026-07-15T20:56:28
398,811100,existing_file,6,E:\zjl\CMU\research\EVSupplyChain\data\UNComtrade_2024_Import_ByPartner\reporter_398\398_811100_M_2024_partners.csv,validated existing CSV,2026-07-15T20:56:28
328,811100,no_data,0,,,2026-07-15T20:56:30
332,260200,no_data,0,,,2026-07-15T20:56:30
332,282010,no_data,0,,,2026-07-15T20:56:30
332,282090,no_data,0,,,2026-07-15T20:56:30
332,811100,no_data,0,,,2026-07-15T20:56:30
336,260200,no_data,0,,,2026-07-15T20:56:30
336,282010,no_data,0,,,2026-07-15T20:56:30
336,282090,no_data,0,,,2026-07-15T20:56:30
336,811100,no_data,0,,,2026-07-15T20:56:30
340,282010,no_data,0,,,2026-07-15T20:56:30
352,260200,no_data,0,,,2026-07-15T20:56:30
352,282010,no_data,0,,,2026-07-15T20:56:30
352,282090,no_data,0,,,2026-07-15T20:56:30
356,260200,no_data,0,,,2026-07-15T20:56:30
356,282010,no_data,0,,,2026-07-15T20:56:30
356,282090,no_data,0,,,2026-07-15T20:56:30
356,811100,no_data,0,,,2026-07-15T20:56:30
364,260200,no_data,0,,,2026-07-15T20:56:30
364,282010,no_data,0,,,2026-07-15T20:56:30
364,282090,no_data,0,,,2026-07-15T20:56:30
364,811100,no_data,0,,,2026-07-15T20:56:30
368,260200,no_data,0,,,2026-07-15T20:56:30
368,282010,no_data,0,,,2026-07-15T20:56:30
368,282090,no_data,0,,,2026-07-15T20:56:30
368,811100,no_data,0,,,2026-07-15T20:56:30
388,260200,no_data,0,,,2026-07-15T20:56:30
388,282010,no_data,0,,,2026-07-15T20:56:30
388,282090,no_data,0,,,2026-07-15T20:56:30
388,811100,no_data,0,,,2026-07-15T20:56:30
400,260200,no_data,0,,,2026-07-15T20:56:30
400,282010,downloaded,3,E:\zjl\CMU\research\EVSupplyChain\data\UNComtrade_2024_Import_ByPartner\reporter_400\400_282010_M_2024_partners.csv,,2026-07-15T20:56:30
400,282090,downloaded,4,E:\zjl\CMU\research\EVSupplyChain\data\UNComtrade_2024_Import_ByPartner\reporter_400\400_282090_M_2024_partners.csv,,2026-07-15T20:56:30
400,811100,no_data,0,,,2026-07-15T20:56:30
404,260200,downloaded,2,E:\zjl\CMU\research\EVSupplyChain\data\UNComtrade_2024_Import_ByPartner\reporter_404\404_260200_M_2024_partners.csv,,2026-07-15T20:56:30
404,282010,downloaded,3,E:\zjl\CMU\research\EVSupplyChain\data\UNComtrade_2024_Import_ByPartner\reporter_404\404_282010_M_2024_partners.csv,,2026-07-15T20:56:30
404,282090,downloaded,3,E:\zjl\CMU\research\EVSupplyChain\data\UNComtrade_2024_Import_ByPartner\reporter_404\404_282090_M_2024_partners.csv,,2026-07-15T20:56:30
404,811100,downloaded,3,E:\zjl\CMU\research\EVSupplyChain\data\UNComtrade_2024_Import_ByPartner\reporter_404\404_811100_M_2024_partners.csv,,2026-07-15T20:56:30
296,260200,no_data,0,,,2026-07-15T20:56:30
296,282010,no_data,0,,,2026-07-15T20:56:30
296,282090,no_data,0,,,2026-07-15T20:56:30
296,811100,no_data,0,,,2026-07-15T20:56:30
417,282010,existing_file,2,E:\zjl\CMU\research\EVSupplyChain\data\UNComtrade_2024_Import_ByPartner\reporter_417\417_282010_M_2024_partners.csv,validated existing CSV,2026-07-15T20:56:30
417,282090,existing_file,2,E:\zjl\CMU\research\EVSupplyChain\data\UNComtrade_2024_Import_ByPartner\reporter_417\417_282090_M_2024_partners.csv,validated existing CSV,2026-07-15T20:56:31
417,811100,existing_file,2,E:\zjl\CMU\research\EVSupplyChain\data\UNComtrade_2024_Import_ByPartner\reporter_417\417_811100_M_2024_partners.csv,validated existing CSV,2026-07-15T20:56:31
428,260200,existing_file,5,E:\zjl\CMU\research\EVSupplyChain\data\UNComtrade_2024_Import_ByPartner\reporter_428\428_260200_M_2024_partners.csv,validated existing CSV,2026-07-15T20:56:31
428,282010,existing_file,6,E:\zjl\CMU\research\EVSupplyChain\data\UNComtrade_2024_Import_ByPartner\reporter_428\428_282010_M_2024_partners.csv,validated existing CSV,2026-07-15T20:56:31
428,282090,existing_file,2,E:\zjl\CMU\research\EVSupplyChain\data\UNComtrade_2024_Import_ByPartner\reporter_428\428_282090_M_2024_partners.csv,validated existing CSV,2026-07-15T20:56:31
422,282010,existing_file,2,E:\zjl\CMU\research\EVSupplyChain\data\UNComtrade_2024_Import_ByPartner\reporter_422\422_282010_M_2024_partners.csv,validated existing CSV,2026-07-15T20:56:31
422,282090,existing_file,2,E:\zjl\CMU\research\EVSupplyChain\data\UNComtrade_2024_Import_ByPartner\reporter_422\422_282090_M_2024_partners.csv,validated existing CSV,2026-07-15T20:56:31
422,811100,existing_file,2,E:\zjl\CMU\research\EVSupplyChain\data\UNComtrade_2024_Import_ByPartner\reporter_422\422_811100_M_2024_partners.csv,validated existing CSV,2026-07-15T20:56:31
426,282010,existing_file,2,E:\zjl\CMU\research\EVSupplyChain\data\UNComtrade_2024_Import_ByPartner\reporter_426\426_282010_M_2024_partners.csv,validated existing CSV,2026-07-15T20:56:31
440,260200,existing_file,4,E:\zjl\CMU\research\EVSupplyChain\data\UNComtrade_2024_Import_ByPartner\reporter_440\440_260200_M_2024_partners.csv,validated existing CSV,2026-07-15T20:56:31
440,282010,existing_file,11,E:\zjl\CMU\research\EVSupplyChain\data\UNComtrade_2024_Import_ByPartner\reporter_440\440_282010_M_2024_partners.csv,validated existing CSV,2026-07-15T20:56:31
440,282090,existing_file,3,E:\zjl\CMU\research\EVSupplyChain\data\UNComtrade_2024_Import_ByPartner\reporter_440\440_282090_M_2024_partners.csv,validated existing CSV,2026-07-15T20:56:31
442,260200,existing_file,4,E:\zjl\CMU\research\EVSupplyChain\data\UNComtrade_2024_Import_ByPartner\reporter_442\442_260200_M_2024_partners.csv,validated existing CSV,2026-07-15T20:56:31
442,282010,existing_file,2,E:\zjl\CMU\research\EVSupplyChain\data\UNComtrade_2024_Import_ByPartner\reporter_442\442_282010_M_2024_partners.csv,validated existing CSV,2026-07-15T20:56:31
442,811100,existing_file,4,E:\zjl\CMU\research\EVSupplyChain\data\UNComtrade_2024_Import_ByPartner\reporter_442\442_811100_M_2024_partners.csv,validated existing CSV,2026-07-15T20:56:31
454,282090,existing_file,2,E:\zjl\CMU\research\EVSupplyChain\data\UNComtrade_2024_Import_ByPartner\reporter_454\454_282090_M_2024_partners.csv,validated existing CSV,2026-07-15T20:56:31
458,260200,existing_file,11,E:\zjl\CMU\research\EVSupplyChain\data\UNComtrade_2024_Import_ByPartner\reporter_458\458_260200_M_2024_partners.csv,validated existing CSV,2026-07-15T20:56:31
458,282010,existing_file,10,E:\zjl\CMU\research\EVSupplyChain\data\UNComtrade_2024_Import_ByPartner\reporter_458\458_282010_M_2024_partners.csv,validated existing CSV,2026-07-15T20:56:31
458,282090,existing_file,10,E:\zjl\CMU\research\EVSupplyChain\data\UNComtrade_2024_Import_ByPartner\reporter_458\458_282090_M_2024_partners.csv,validated existing CSV,2026-07-15T20:56:31
458,811100,existing_file,11,E:\zjl\CMU\research\EVSupplyChain\data\UNComtrade_2024_Import_ByPartner\reporter_458\458_811100_M_2024_partners.csv,validated existing CSV,2026-07-15T20:56:31
462,282090,existing_file,2,E:\zjl\CMU\research\EVSupplyChain\data\UNComtrade_2024_Import_ByPartner\reporter_462\462_282090_M_2024_partners.csv,validated existing CSV,2026-07-15T20:56:31
470,260200,existing_file,2,E:\zjl\CMU\research\EVSupplyChain\data\UNComtrade_2024_Import_ByPartner\reporter_470\470_260200_M_2024_partners.csv,validated existing CSV,2026-07-15T20:56:31
470,282090,existing_file,3,E:\zjl\CMU\research\EVSupplyChain\data\UNComtrade_2024_Import_ByPartner\reporter_470\470_282090_M_2024_partners.csv,validated existing CSV,2026-07-15T20:56:31
414,260200,no_data,0,,,2026-07-15T20:56:33
414,282010,downloaded,2,E:\zjl\CMU\research\EVSupplyChain\data\UNComtrade_2024_Import_ByPartner\reporter_414\414_282010_M_2024_partners.csv,,2026-07-15T20:56:33
414,282090,downloaded,6,E:\zjl\CMU\research\EVSupplyChain\data\UNComtrade_2024_Import_ByPartner\reporter_414\414_282090_M_2024_partners.csv,,2026-07-15T20:56:33
414,811100,no_data,0,,,2026-07-15T20:56:33
417,260200,no_data,0,,,2026-07-15T20:56:33
418,260200,no_data,0,,,2026-07-15T20:56:33
418,282010,no_data,0,,,2026-07-15T20:56:33
418,282090,no_data,0,,,2026-07-15T20:56:33
418,811100,no_data,0,,,2026-07-15T20:56:33
428,811100,no_data,0,,,2026-07-15T20:56:33
422,260200,no_data,0,,,2026-07-15T20:56:33
426,260200,no_data,0,,,2026-07-15T20:56:33
426,282090,no_data,0,,,2026-07-15T20:56:33
426,811100,no_data,0,,,2026-07-15T20:56:33
430,260200,no_data,0,,,2026-07-15T20:56:33
430,282010,no_data,0,,,2026-07-15T20:56:33
430,282090,no_data,0,,,2026-07-15T20:56:33
430,811100,no_data,0,,,2026-07-15T20:56:33
434,260200,no_data,0,,,2026-07-15T20:56:33
434,282010,no_data,0,,,2026-07-15T20:56:33
434,282090,no_data,0,,,2026-07-15T20:56:33
434,811100,no_data,0,,,2026-07-15T20:56:33
440,811100,no_data,0,,,2026-07-15T20:56:33
442,282090,no_data,0,,,2026-07-15T20:56:33
450,260200,downloaded,2,E:\zjl\CMU\research\EVSupplyChain\data\UNComtrade_2024_Import_ByPartner\reporter_450\450_260200_M_2024_partners.csv,,2026-07-15T20:56:33
450,282010,no_data,0,,,2026-07-15T20:56:33
450,282090,no_data,0,,,2026-07-15T20:56:33
450,811100,no_data,0,,,2026-07-15T20:56:33
454,260200,no_data,0,,,2026-07-15T20:56:33
454,282010,no_data,0,,,2026-07-15T20:56:33
454,811100,no_data,0,,,2026-07-15T20:56:33
462,260200,no_data,0,,,2026-07-15T20:56:33
462,282010,no_data,0,,,2026-07-15T20:56:33
462,811100,no_data,0,,,2026-07-15T20:56:33
466,260200,no_data,0,,,2026-07-15T20:56:33
466,282010,no_data,0,,,2026-07-15T20:56:33
466,282090,no_data,0,,,2026-07-15T20:56:33
466,811100,no_data,0,,,2026-07-15T20:56:33
470,282010,no_data,0,,,2026-07-15T20:56:33
470,811100,no_data,0,,,2026-07-15T20:56:33
584,260200,no_data,0,,,2026-07-15T20:56:33
584,282010,no_data,0,,,2026-07-15T20:56:33
584,282090,no_data,0,,,2026-07-15T20:56:33
584,811100,no_data,0,,,2026-07-15T20:56:33
474,260200,no_data,0,,,2026-07-15T20:56:33
474,282010,no_data,0,,,2026-07-15T20:56:33
474,282090,no_data,0,,,2026-07-15T20:56:33
474,811100,no_data,0,,,2026-07-15T20:56:33
478,260200,no_data,0,,,2026-07-15T20:56:33
478,282010,no_data,0,,,2026-07-15T20:56:33
478,282090,no_data,0,,,2026-07-15T20:56:33
478,811100,no_data,0,,,2026-07-15T20:56:33
480,260200,no_data,0,,,2026-07-15T20:56:33
480,282010,no_data,0,,,2026-07-15T20:56:33
480,282090,no_data,0,,,2026-07-15T20:56:33
480,811100,no_data,0,,,2026-07-15T20:56:33
484,282010,existing_file,2,E:\zjl\CMU\research\EVSupplyChain\data\UNComtrade_2024_Import_ByPartner\reporter_484\484_282010_M_2024_partners.csv,validated existing CSV,2026-07-15T20:56:33
484,282090,existing_file,2,E:\zjl\CMU\research\EVSupplyChain\data\UNComtrade_2024_Import_ByPartner\reporter_484\484_282090_M_2024_partners.csv,validated existing CSV,2026-07-15T20:56:33
484,811100,existing_file,3,E:\zjl\CMU\research\EVSupplyChain\data\UNComtrade_2024_Import_ByPartner\reporter_484\484_811100_M_2024_partners.csv,validated existing CSV,2026-07-15T20:56:33
499,260200,existing_file,2,E:\zjl\CMU\research\EVSupplyChain\data\UNComtrade_2024_Import_ByPartner\reporter_499\499_260200_M_2024_partners.csv,validated existing CSV,2026-07-15T20:56:33
499,282090,existing_file,2,E:\zjl\CMU\research\EVSupplyChain\data\UNComtrade_2024_Import_ByPartner\reporter_499\499_282090_M_2024_partners.csv,validated existing CSV,2026-07-15T20:56:33
499,811100,existing_file,3,E:\zjl\CMU\research\EVSupplyChain\data\UNComtrade_2024_Import_ByPartner\reporter_499\499_811100_M_2024_partners.csv,validated existing CSV,2026-07-15T20:56:33
508,260200,existing_file,2,E:\zjl\CMU\research\EVSupplyChain\data\UNComtrade_2024_Import_ByPartner\reporter_508\508_260200_M_2024_partners.csv,validated existing CSV,2026-07-15T20:56:33
508,282010,existing_file,2,E:\zjl\CMU\research\EVSupplyChain\data\UNComtrade_2024_Import_ByPartner\reporter_508\508_282010_M_2024_partners.csv,validated existing CSV,2026-07-15T20:56:33
104,260200,existing_file,2,E:\zjl\CMU\research\EVSupplyChain\data\UNComtrade_2024_Import_ByPartner\reporter_104\104_260200_M_2024_partners.csv,validated existing CSV,2026-07-15T20:56:33
104,282010,existing_file,3,E:\zjl\CMU\research\EVSupplyChain\data\UNComtrade_2024_Import_ByPartner\reporter_104\104_282010_M_2024_partners.csv,validated existing CSV,2026-07-15T20:56:33
104,282090,existing_file,4,E:\zjl\CMU\research\EVSupplyChain\data\UNComtrade_2024_Import_ByPartner\reporter_104\104_282090_M_2024_partners.csv,validated existing CSV,2026-07-15T20:56:33
516,260200,existing_file,2,E:\zjl\CMU\research\EVSupplyChain\data\UNComtrade_2024_Import_ByPartner\reporter_516\516_260200_M_2024_partners.csv,validated existing CSV,2026-07-15T20:56:33
516,282010,existing_file,3,E:\zjl\CMU\research\EVSupplyChain\data\UNComtrade_2024_Import_ByPartner\reporter_516\516_282010_M_2024_partners.csv,validated existing CSV,2026-07-15T20:56:33
516,282090,existing_file,2,E:\zjl\CMU\research\EVSupplyChain\data\UNComtrade_2024_Import_ByPartner\reporter_516\516_282090_M_2024_partners.csv,validated existing CSV,2026-07-15T20:56:33
528,260200,existing_file,44,E:\zjl\CMU\research\EVSupplyChain\data\UNComtrade_2024_Import_ByPartner\reporter_528\528_260200_M_2024_partners.csv,validated existing CSV,2026-07-15T20:56:33
528,282010,existing_file,36,E:\zjl\CMU\research\EVSupplyChain\data\UNComtrade_2024_Import_ByPartner\reporter_528\528_282010_M_2024_partners.csv,validated existing CSV,2026-07-15T20:56:33
528,282090,existing_file,37,E:\zjl\CMU\research\EVSupplyChain\data\UNComtrade_2024_Import_ByPartner\reporter_528\528_282090_M_2024_partners.csv,validated existing CSV,2026-07-15T20:56:33
528,811100,existing_file,33,E:\zjl\CMU\research\EVSupplyChain\data\UNComtrade_2024_Import_ByPartner\reporter_528\528_811100_M_2024_partners.csv,validated existing CSV,2026-07-15T20:56:33
554,282010,existing_file,4,E:\zjl\CMU\research\EVSupplyChain\data\UNComtrade_2024_Import_ByPartner\reporter_554\554_282010_M_2024_partners.csv,validated existing CSV,2026-07-15T20:56:33
554,282090,existing_file,6,E:\zjl\CMU\research\EVSupplyChain\data\UNComtrade_2024_Import_ByPartner\reporter_554\554_282090_M_2024_partners.csv,validated existing CSV,2026-07-15T20:56:33
554,811100,existing_file,6,E:\zjl\CMU\research\EVSupplyChain\data\UNComtrade_2024_Import_ByPartner\reporter_554\554_811100_M_2024_partners.csv,validated existing CSV,2026-07-15T20:56:33
562,282010,existing_file,2,E:\zjl\CMU\research\EVSupplyChain\data\UNComtrade_2024_Import_ByPartner\reporter_562\562_282010_M_2024_partners.csv,validated existing CSV,2026-07-15T20:56:33
566,282010,existing_file,8,E:\zjl\CMU\research\EVSupplyChain\data\UNComtrade_2024_Import_ByPartner\reporter_566\566_282010_M_2024_partners.csv,validated existing CSV,2026-07-15T20:56:33
566,282090,existing_file,7,E:\zjl\CMU\research\EVSupplyChain\data\UNComtrade_2024_Import_ByPartner\reporter_566\566_282090_M_2024_partners.csv,validated existing CSV,2026-07-15T20:56:33
566,811100,existing_file,2,E:\zjl\CMU\research\EVSupplyChain\data\UNComtrade_2024_Import_ByPartner\reporter_566\566_811100_M_2024_partners.csv,validated existing CSV,2026-07-15T20:56:33
175,260200,no_data,0,,,2026-07-15T20:56:37
175,282010,no_data,0,,,2026-07-15T20:56:37
175,282090,no_data,0,,,2026-07-15T20:56:37
175,811100,no_data,0,,,2026-07-15T20:56:37
484,260200,no_data,0,,,2026-07-15T20:56:37
496,260200,no_data,0,,,2026-07-15T20:56:37
496,282010,no_data,0,,,2026-07-15T20:56:37
496,282090,no_data,0,,,2026-07-15T20:56:37
496,811100,no_data,0,,,2026-07-15T20:56:37
499,282010,no_data,0,,,2026-07-15T20:56:37
500,260200,no_data,0,,,2026-07-15T20:56:37
500,282010,no_data,0,,,2026-07-15T20:56:37
500,282090,no_data,0,,,2026-07-15T20:56:37
500,811100,no_data,0,,,2026-07-15T20:56:37
504,260200,downloaded,3,E:\zjl\CMU\research\EVSupplyChain\data\UNComtrade_2024_Import_ByPartner\reporter_504\504_260200_M_2024_partners.csv,,2026-07-15T20:56:37
504,282010,downloaded,4,E:\zjl\CMU\research\EVSupplyChain\data\UNComtrade_2024_Import_ByPartner\reporter_504\504_282010_M_2024_partners.csv,,2026-07-15T20:56:37
504,282090,downloaded,5,E:\zjl\CMU\research\EVSupplyChain\data\UNComtrade_2024_Import_ByPartner\reporter_504\504_282090_M_2024_partners.csv,,2026-07-15T20:56:37
504,811100,downloaded,3,E:\zjl\CMU\research\EVSupplyChain\data\UNComtrade_2024_Import_ByPartner\reporter_504\504_811100_M_2024_partners.csv,,2026-07-15T20:56:37
508,282090,no_data,0,,,2026-07-15T20:56:37
508,811100,no_data,0,,,2026-07-15T20:56:37
104,811100,no_data,0,,,2026-07-15T20:56:37
580,260200,no_data,0,,,2026-07-15T20:56:37
580,282010,no_data,0,,,2026-07-15T20:56:37
580,282090,no_data,0,,,2026-07-15T20:56:37
580,811100,no_data,0,,,2026-07-15T20:56:37
516,811100,no_data,0,,,2026-07-15T20:56:37
520,260200,no_data,0,,,2026-07-15T20:56:37
520,282010,no_data,0,,,2026-07-15T20:56:37
520,282090,no_data,0,,,2026-07-15T20:56:37
520,811100,no_data,0,,,2026-07-15T20:56:37
524,260200,no_data,0,,,2026-07-15T20:56:37
524,282010,no_data,0,,,2026-07-15T20:56:37
524,282090,no_data,0,,,2026-07-15T20:56:37
524,811100,no_data,0,,,2026-07-15T20:56:37
530,260200,no_data,0,,,2026-07-15T20:56:37
530,282010,no_data,0,,,2026-07-15T20:56:37
530,282090,no_data,0,,,2026-07-15T20:56:37
530,811100,no_data,0,,,2026-07-15T20:56:37
532,260200,no_data,0,,,2026-07-15T20:56:37
532,282010,no_data,0,,,2026-07-15T20:56:37
532,282090,no_data,0,,,2026-07-15T20:56:37
532,811100,no_data,0,,,2026-07-15T20:56:37
540,260200,no_data,0,,,2026-07-15T20:56:37
540,282010,no_data,0,,,2026-07-15T20:56:37
540,282090,no_data,0,,,2026-07-15T20:56:37
540,811100,no_data,0,,,2026-07-15T20:56:37
554,260200,no_data,0,,,2026-07-15T20:56:37
558,260200,no_data,0,,,2026-07-15T20:56:37
558,282010,no_data,0,,,2026-07-15T20:56:37
558,282090,no_data,0,,,2026-07-15T20:56:37
558,811100,no_data,0,,,2026-07-15T20:56:37
562,260200,no_data,0,,,2026-07-15T20:56:37
562,282090,no_data,0,,,2026-07-15T20:56:37
562,811100,no_data,0,,,2026-07-15T20:56:37
566,260200,no_data,0,,,2026-07-15T20:56:37
807,282010,existing_file,5,E:\zjl\CMU\research\EVSupplyChain\data\UNComtrade_2024_Import_ByPartner\reporter_807\807_282010_M_2024_partners.csv,validated existing CSV,2026-07-15T20:56:37
807,282090,existing_file,4,E:\zjl\CMU\research\EVSupplyChain\data\UNComtrade_2024_Import_ByPartner\reporter_807\807_282090_M_2024_partners.csv,validated existing CSV,2026-07-15T20:56:37
807,811100,existing_file,2,E:\zjl\CMU\research\EVSupplyChain\data\UNComtrade_2024_Import_ByPartner\reporter_807\807_811100_M_2024_partners.csv,validated existing CSV,2026-07-15T20:56:37
579,260200,existing_file,6,E:\zjl\CMU\research\EVSupplyChain\data\UNComtrade_2024_Import_ByPartner\reporter_579\579_260200_M_2024_partners.csv,validated existing CSV,2026-07-15T20:56:37
579,282010,existing_file,9,E:\zjl\CMU\research\EVSupplyChain\data\UNComtrade_2024_Import_ByPartner\reporter_579\579_282010_M_2024_partners.csv,validated existing CSV,2026-07-15T20:56:37
579,282090,existing_file,6,E:\zjl\CMU\research\EVSupplyChain\data\UNComtrade_2024_Import_ByPartner\reporter_579\579_282090_M_2024_partners.csv,validated existing CSV,2026-07-15T20:56:37
579,811100,existing_file,8,E:\zjl\CMU\research\EVSupplyChain\data\UNComtrade_2024_Import_ByPartner\reporter_579\579_811100_M_2024_partners.csv,validated existing CSV,2026-07-15T20:56:37
490,260200,existing_file,3,E:\zjl\CMU\research\EVSupplyChain\data\UNComtrade_2024_Import_ByPartner\reporter_490\490_260200_M_2024_partners.csv,validated existing CSV,2026-07-15T20:56:37
490,282010,existing_file,6,E:\zjl\CMU\research\EVSupplyChain\data\UNComtrade_2024_Import_ByPartner\reporter_490\490_282010_M_2024_partners.csv,validated existing CSV,2026-07-15T20:56:37
490,282090,existing_file,7,E:\zjl\CMU\research\EVSupplyChain\data\UNComtrade_2024_Import_ByPartner\reporter_490\490_282090_M_2024_partners.csv,validated existing CSV,2026-07-15T20:56:37
490,811100,existing_file,9,E:\zjl\CMU\research\EVSupplyChain\data\UNComtrade_2024_Import_ByPartner\reporter_490\490_811100_M_2024_partners.csv,validated existing CSV,2026-07-15T20:56:37
586,260200,existing_file,2,E:\zjl\CMU\research\EVSupplyChain\data\UNComtrade_2024_Import_ByPartner\reporter_586\586_260200_M_2024_partners.csv,validated existing CSV,2026-07-15T20:56:37
586,282010,existing_file,4,E:\zjl\CMU\research\EVSupplyChain\data\UNComtrade_2024_Import_ByPartner\reporter_586\586_282010_M_2024_partners.csv,validated existing CSV,2026-07-15T20:56:37
586,282090,existing_file,5,E:\zjl\CMU\research\EVSupplyChain\data\UNComtrade_2024_Import_ByPartner\reporter_586\586_282090_M_2024_partners.csv,validated existing CSV,2026-07-15T20:56:37
586,811100,existing_file,3,E:\zjl\CMU\research\EVSupplyChain\data\UNComtrade_2024_Import_ByPartner\reporter_586\586_811100_M_2024_partners.csv,validated existing CSV,2026-07-15T20:56:37
591,282090,existing_file,2,E:\zjl\CMU\research\EVSupplyChain\data\UNComtrade_2024_Import_ByPartner\reporter_591\591_282090_M_2024_partners.csv,validated existing CSV,2026-07-15T20:56:37
600,282010,existing_file,2,E:\zjl\CMU\research\EVSupplyChain\data\UNComtrade_2024_Import_ByPartner\reporter_600\600_282010_M_2024_partners.csv,validated existing CSV,2026-07-15T20:56:37
600,282090,existing_file,2,E:\zjl\CMU\research\EVSupplyChain\data\UNComtrade_2024_Import_ByPartner\reporter_600\600_282090_M_2024_partners.csv,validated existing CSV,2026-07-15T20:56:37
604,260200,existing_file,4,E:\zjl\CMU\research\EVSupplyChain\data\UNComtrade_2024_Import_ByPartner\reporter_604\604_260200_M_2024_partners.csv,validated existing CSV,2026-07-15T20:56:37
604,282010,existing_file,4,E:\zjl\CMU\research\EVSupplyChain\data\UNComtrade_2024_Import_ByPartner\reporter_604\604_282010_M_2024_partners.csv,validated existing CSV,2026-07-15T20:56:38
604,282090,existing_file,6,E:\zjl\CMU\research\EVSupplyChain\data\UNComtrade_2024_Import_ByPartner\reporter_604\604_282090_M_2024_partners.csv,validated existing CSV,2026-07-15T20:56:38
604,811100,existing_file,7,E:\zjl\CMU\research\EVSupplyChain\data\UNComtrade_2024_Import_ByPartner\reporter_604\604_811100_M_2024_partners.csv,validated existing CSV,2026-07-15T20:56:38
608,260200,existing_file,2,E:\zjl\CMU\research\EVSupplyChain\data\UNComtrade_2024_Import_ByPartner\reporter_608\608_260200_M_2024_partners.csv,validated existing CSV,2026-07-15T20:56:38
608,282010,existing_file,6,E:\zjl\CMU\research\EVSupplyChain\data\UNComtrade_2024_Import_ByPartner\reporter_608\608_282010_M_2024_partners.csv,validated existing CSV,2026-07-15T20:56:38
608,282090,existing_file,9,E:\zjl\CMU\research\EVSupplyChain\data\UNComtrade_2024_Import_ByPartner\reporter_608\608_282090_M_2024_partners.csv,validated existing CSV,2026-07-15T20:56:38
608,811100,existing_file,4,E:\zjl\CMU\research\EVSupplyChain\data\UNComtrade_2024_Import_ByPartner\reporter_608\608_811100_M_2024_partners.csv,validated existing CSV,2026-07-15T20:56:38
616,260200,existing_file,9,E:\zjl\CMU\research\EVSupplyChain\data\UNComtrade_2024_Import_ByPartner\reporter_616\616_260200_M_2024_partners.csv,validated existing CSV,2026-07-15T20:56:38
616,282010,existing_file,10,E:\zjl\CMU\research\EVSupplyChain\data\UNComtrade_2024_Import_ByPartner\reporter_616\616_282010_M_2024_partners.csv,validated existing CSV,2026-07-15T20:56:38
616,282090,existing_file,14,E:\zjl\CMU\research\EVSupplyChain\data\UNComtrade_2024_Import_ByPartner\reporter_616\616_282090_M_2024_partners.csv,validated existing CSV,2026-07-15T20:56:38
616,811100,existing_file,14,E:\zjl\CMU\research\EVSupplyChain\data\UNComtrade_2024_Import_ByPartner\reporter_616\616_811100_M_2024_partners.csv,validated existing CSV,2026-07-15T20:56:38
620,260200,existing_file,8,E:\zjl\CMU\research\EVSupplyChain\data\UNComtrade_2024_Import_ByPartner\reporter_620\620_260200_M_2024_partners.csv,validated existing CSV,2026-07-15T20:56:38
620,282010,existing_file,5,E:\zjl\CMU\research\EVSupplyChain\data\UNComtrade_2024_Import_ByPartner\reporter_620\620_282010_M_2024_partners.csv,validated existing CSV,2026-07-15T20:56:38
620,282090,existing_file,7,E:\zjl\CMU\research\EVSupplyChain\data\UNComtrade_2024_Import_ByPartner\reporter_620\620_282090_M_2024_partners.csv,validated existing CSV,2026-07-15T20:56:38
620,811100,existing_file,6,E:\zjl\CMU\research\EVSupplyChain\data\UNComtrade_2024_Import_ByPartner\reporter_620\620_811100_M_2024_partners.csv,validated existing CSV,2026-07-15T20:56:38
410,260200,existing_file,15,E:\zjl\CMU\research\EVSupplyChain\data\UNComtrade_2024_Import_ByPartner\reporter_410\410_260200_M_2024_partners.csv,validated existing CSV,2026-07-15T20:56:38
410,282010,existing_file,11,E:\zjl\CMU\research\EVSupplyChain\data\UNComtrade_2024_Import_ByPartner\reporter_410\410_282010_M_2024_partners.csv,validated existing CSV,2026-07-15T20:56:38
410,282090,existing_file,9,E:\zjl\CMU\research\EVSupplyChain\data\UNComtrade_2024_Import_ByPartner\reporter_410\410_282090_M_2024_partners.csv,validated existing CSV,2026-07-15T20:56:38
410,811100,existing_file,14,E:\zjl\CMU\research\EVSupplyChain\data\UNComtrade_2024_Import_ByPartner\reporter_410\410_811100_M_2024_partners.csv,validated existing CSV,2026-07-15T20:56:38
570,260200,no_data,0,,,2026-07-15T20:56:39
570,282010,no_data,0,,,2026-07-15T20:56:39
570,282090,no_data,0,,,2026-07-15T20:56:39
570,811100,no_data,0,,,2026-07-15T20:56:39
807,260200,no_data,0,,,2026-07-15T20:56:39
512,260200,downloaded,7,E:\zjl\CMU\research\EVSupplyChain\data\UNComtrade_2024_Import_ByPartner\reporter_512\512_260200_M_2024_partners.csv,,2026-07-15T20:56:39
512,282010,downloaded,3,E:\zjl\CMU\research\EVSupplyChain\data\UNComtrade_2024_Import_ByPartner\reporter_512\512_282010_M_2024_partners.csv,,2026-07-15T20:56:39
512,282090,downloaded,3,E:\zjl\CMU\research\EVSupplyChain\data\UNComtrade_2024_Import_ByPartner\reporter_512\512_282090_M_2024_partners.csv,,2026-07-15T20:56:39
512,811100,downloaded,4,E:\zjl\CMU\research\EVSupplyChain\data\UNComtrade_2024_Import_ByPartner\reporter_512\512_811100_M_2024_partners.csv,,2026-07-15T20:56:39
582,260200,no_data,0,,,2026-07-15T20:56:39
582,282010,no_data,0,,,2026-07-15T20:56:39
582,282090,no_data,0,,,2026-07-15T20:56:39
582,811100,no_data,0,,,2026-07-15T20:56:39
585,260200,no_data,0,,,2026-07-15T20:56:39
585,282010,no_data,0,,,2026-07-15T20:56:39
585,282090,no_data,0,,,2026-07-15T20:56:39
585,811100,no_data,0,,,2026-07-15T20:56:39
591,260200,no_data,0,,,2026-07-15T20:56:39
591,282010,no_data,0,,,2026-07-15T20:56:39
591,811100,no_data,0,,,2026-07-15T20:56:39
590,260200,no_data,0,,,2026-07-15T20:56:39
590,282010,no_data,0,,,2026-07-15T20:56:39
590,282090,no_data,0,,,2026-07-15T20:56:39
590,811100,no_data,0,,,2026-07-15T20:56:39
592,260200,no_data,0,,,2026-07-15T20:56:39
592,282010,no_data,0,,,2026-07-15T20:56:39
592,282090,no_data,0,,,2026-07-15T20:56:39
592,811100,no_data,0,,,2026-07-15T20:56:39
598,260200,no_data,0,,,2026-07-15T20:56:39
598,282010,no_data,0,,,2026-07-15T20:56:39
598,282090,no_data,0,,,2026-07-15T20:56:39
598,811100,no_data,0,,,2026-07-15T20:56:39
600,260200,no_data,0,,,2026-07-15T20:56:39
600,811100,no_data,0,,,2026-07-15T20:56:39
459,260200,no_data,0,,,2026-07-15T20:56:39
459,282010,no_data,0,,,2026-07-15T20:56:39
459,282090,no_data,0,,,2026-07-15T20:56:39
459,811100,no_data,0,,,2026-07-15T20:56:39
634,260200,no_data,0,,,2026-07-15T20:56:39
634,282010,downloaded,2,E:\zjl\CMU\research\EVSupplyChain\data\UNComtrade_2024_Import_ByPartner\reporter_634\634_282010_M_2024_partners.csv,,2026-07-15T20:56:39
634,282090,no_data,0,,,2026-07-15T20:56:39
634,811100,downloaded,2,E:\zjl\CMU\research\EVSupplyChain\data\UNComtrade_2024_Import_ByPartner\reporter_634\634_811100_M_2024_partners.csv,,2026-07-15T20:56:39
498,260200,existing_file,2,E:\zjl\CMU\research\EVSupplyChain\data\UNComtrade_2024_Import_ByPartner\reporter_498\498_260200_M_2024_partners.csv,validated existing CSV,2026-07-15T20:56:39
498,282010,existing_file,3,E:\zjl\CMU\research\EVSupplyChain\data\UNComtrade_2024_Import_ByPartner\reporter_498\498_282010_M_2024_partners.csv,validated existing CSV,2026-07-15T20:56:39
498,282090,existing_file,2,E:\zjl\CMU\research\EVSupplyChain\data\UNComtrade_2024_Import_ByPartner\reporter_498\498_282090_M_2024_partners.csv,validated existing CSV,2026-07-15T20:56:39
642,260200,existing_file,7,E:\zjl\CMU\research\EVSupplyChain\data\UNComtrade_2024_Import_ByPartner\reporter_642\642_260200_M_2024_partners.csv,validated existing CSV,2026-07-15T20:56:39
642,282010,existing_file,7,E:\zjl\CMU\research\EVSupplyChain\data\UNComtrade_2024_Import_ByPartner\reporter_642\642_282010_M_2024_partners.csv,validated existing CSV,2026-07-15T20:56:39
642,282090,existing_file,6,E:\zjl\CMU\research\EVSupplyChain\data\UNComtrade_2024_Import_ByPartner\reporter_642\642_282090_M_2024_partners.csv,validated existing CSV,2026-07-15T20:56:39
642,811100,existing_file,10,E:\zjl\CMU\research\EVSupplyChain\data\UNComtrade_2024_Import_ByPartner\reporter_642\642_811100_M_2024_partners.csv,validated existing CSV,2026-07-15T20:56:39
682,260200,existing_file,4,E:\zjl\CMU\research\EVSupplyChain\data\UNComtrade_2024_Import_ByPartner\reporter_682\682_260200_M_2024_partners.csv,validated existing CSV,2026-07-15T20:56:39
682,282010,existing_file,2,E:\zjl\CMU\research\EVSupplyChain\data\UNComtrade_2024_Import_ByPartner\reporter_682\682_282010_M_2024_partners.csv,validated existing CSV,2026-07-15T20:56:39
682,282090,existing_file,7,E:\zjl\CMU\research\EVSupplyChain\data\UNComtrade_2024_Import_ByPartner\reporter_682\682_282090_M_2024_partners.csv,validated existing CSV,2026-07-15T20:56:39
682,811100,existing_file,6,E:\zjl\CMU\research\EVSupplyChain\data\UNComtrade_2024_Import_ByPartner\reporter_682\682_811100_M_2024_partners.csv,validated existing CSV,2026-07-15T20:56:39
498,811100,no_data,0,,,2026-07-15T20:56:41
868,260200,no_data,0,,,2026-07-15T20:56:41
868,282010,no_data,0,,,2026-07-15T20:56:41
868,282090,no_data,0,,,2026-07-15T20:56:41
868,811100,no_data,0,,,2026-07-15T20:56:41
638,260200,no_data,0,,,2026-07-15T20:56:41
638,282010,no_data,0,,,2026-07-15T20:56:41
638,282090,no_data,0,,,2026-07-15T20:56:41
638,811100,no_data,0,,,2026-07-15T20:56:41
717,260200,no_data,0,,,2026-07-15T20:56:41
717,282010,no_data,0,,,2026-07-15T20:56:41
717,282090,no_data,0,,,2026-07-15T20:56:41
717,811100,no_data,0,,,2026-07-15T20:56:41
643,260200,no_data,0,,,2026-07-15T20:56:41
643,282010,no_data,0,,,2026-07-15T20:56:41
643,282090,no_data,0,,,2026-07-15T20:56:41
643,811100,no_data,0,,,2026-07-15T20:56:41
646,260200,no_data,0,,,2026-07-15T20:56:41
646,282010,no_data,0,,,2026-07-15T20:56:41
646,282090,no_data,0,,,2026-07-15T20:56:41
646,811100,no_data,0,,,2026-07-15T20:56:41
461,260200,no_data,0,,,2026-07-15T20:56:41
461,282010,no_data,0,,,2026-07-15T20:56:41
461,282090,no_data,0,,,2026-07-15T20:56:41
461,811100,no_data,0,,,2026-07-15T20:56:41
652,260200,no_data,0,,,2026-07-15T20:56:41
652,282010,no_data,0,,,2026-07-15T20:56:41
652,282090,no_data,0,,,2026-07-15T20:56:41
652,811100,no_data,0,,,2026-07-15T20:56:41
654,260200,no_data,0,,,2026-07-15T20:56:41
654,282010,no_data,0,,,2026-07-15T20:56:41
654,282090,no_data,0,,,2026-07-15T20:56:41
654,811100,no_data,0,,,2026-07-15T20:56:41
659,260200,no_data,0,,,2026-07-15T20:56:41
659,282010,no_data,0,,,2026-07-15T20:56:41
659,282090,no_data,0,,,2026-07-15T20:56:41
659,811100,no_data,0,,,2026-07-15T20:56:41
658,260200,no_data,0,,,2026-07-15T20:56:41
658,282010,no_data,0,,,2026-07-15T20:56:41
658,282090,no_data,0,,,2026-07-15T20:56:41
658,811100,no_data,0,,,2026-07-15T20:56:41
662,260200,no_data,0,,,2026-07-15T20:56:41
662,282010,no_data,0,,,2026-07-15T20:56:41
662,282090,no_data,0,,,2026-07-15T20:56:41
662,811100,no_data,0,,,2026-07-15T20:56:41
534,260200,no_data,0,,,2026-07-15T20:56:41
534,282010,no_data,0,,,2026-07-15T20:56:41
534,282090,no_data,0,,,2026-07-15T20:56:41
534,811100,no_data,0,,,2026-07-15T20:56:41
666,260200,no_data,0,,,2026-07-15T20:56:41
666,282010,no_data,0,,,2026-07-15T20:56:41
666,282090,no_data,0,,,2026-07-15T20:56:41
666,811100,no_data,0,,,2026-07-15T20:56:41
670,260200,no_data,0,,,2026-07-15T20:56:41
670,282010,no_data,0,,,2026-07-15T20:56:41
670,282090,no_data,0,,,2026-07-15T20:56:41
670,811100,no_data,0,,,2026-07-15T20:56:41
882,260200,no_data,0,,,2026-07-15T20:56:41
882,282010,no_data,0,,,2026-07-15T20:56:41
882,282090,no_data,0,,,2026-07-15T20:56:41
882,811100,no_data,0,,,2026-07-15T20:56:41
674,260200,no_data,0,,,2026-07-15T20:56:41
674,282010,no_data,0,,,2026-07-15T20:56:41
674,282090,no_data,0,,,2026-07-15T20:56:41
674,811100,no_data,0,,,2026-07-15T20:56:41
678,260200,no_data,0,,,2026-07-15T20:56:41
678,282010,no_data,0,,,2026-07-15T20:56:41
678,282090,no_data,0,,,2026-07-15T20:56:41
678,811100,no_data,0,,,2026-07-15T20:56:41
686,260200,existing_file,2,E:\zjl\CMU\research\EVSupplyChain\data\UNComtrade_2024_Import_ByPartner\reporter_686\686_260200_M_2024_partners.csv,validated existing CSV,2026-07-15T20:56:41
686,282010,existing_file,2,E:\zjl\CMU\research\EVSupplyChain\data\UNComtrade_2024_Import_ByPartner\reporter_686\686_282010_M_2024_partners.csv,validated existing CSV,2026-07-15T20:56:41
686,282090,existing_file,3,E:\zjl\CMU\research\EVSupplyChain\data\UNComtrade_2024_Import_ByPartner\reporter_686\686_282090_M_2024_partners.csv,validated existing CSV,2026-07-15T20:56:41
688,260200,existing_file,4,E:\zjl\CMU\research\EVSupplyChain\data\UNComtrade_2024_Import_ByPartner\reporter_688\688_260200_M_2024_partners.csv,validated existing CSV,2026-07-15T20:56:41
688,282010,existing_file,5,E:\zjl\CMU\research\EVSupplyChain\data\UNComtrade_2024_Import_ByPartner\reporter_688\688_282010_M_2024_partners.csv,validated existing CSV,2026-07-15T20:56:41
688,282090,existing_file,4,E:\zjl\CMU\research\EVSupplyChain\data\UNComtrade_2024_Import_ByPartner\reporter_688\688_282090_M_2024_partners.csv,validated existing CSV,2026-07-15T20:56:41
688,811100,existing_file,8,E:\zjl\CMU\research\EVSupplyChain\data\UNComtrade_2024_Import_ByPartner\reporter_688\688_811100_M_2024_partners.csv,validated existing CSV,2026-07-15T20:56:41
702,260200,existing_file,5,E:\zjl\CMU\research\EVSupplyChain\data\UNComtrade_2024_Import_ByPartner\reporter_702\702_260200_M_2024_partners.csv,validated existing CSV,2026-07-15T20:56:41
702,282010,existing_file,9,E:\zjl\CMU\research\EVSupplyChain\data\UNComtrade_2024_Import_ByPartner\reporter_702\702_282010_M_2024_partners.csv,validated existing CSV,2026-07-15T20:56:41
702,282090,existing_file,11,E:\zjl\CMU\research\EVSupplyChain\data\UNComtrade_2024_Import_ByPartner\reporter_702\702_282090_M_2024_partners.csv,validated existing CSV,2026-07-15T20:56:41
702,811100,existing_file,8,E:\zjl\CMU\research\EVSupplyChain\data\UNComtrade_2024_Import_ByPartner\reporter_702\702_811100_M_2024_partners.csv,validated existing CSV,2026-07-15T20:56:41
703,260200,existing_file,9,E:\zjl\CMU\research\EVSupplyChain\data\UNComtrade_2024_Import_ByPartner\reporter_703\703_260200_M_2024_partners.csv,validated existing CSV,2026-07-15T20:56:41
703,282010,existing_file,4,E:\zjl\CMU\research\EVSupplyChain\data\UNComtrade_2024_Import_ByPartner\reporter_703\703_282010_M_2024_partners.csv,validated existing CSV,2026-07-15T20:56:41
703,282090,existing_file,2,E:\zjl\CMU\research\EVSupplyChain\data\UNComtrade_2024_Import_ByPartner\reporter_703\703_282090_M_2024_partners.csv,validated existing CSV,2026-07-15T20:56:41
703,811100,existing_file,9,E:\zjl\CMU\research\EVSupplyChain\data\UNComtrade_2024_Import_ByPartner\reporter_703\703_811100_M_2024_partners.csv,validated existing CSV,2026-07-15T20:56:41
705,260200,existing_file,7,E:\zjl\CMU\research\EVSupplyChain\data\UNComtrade_2024_Import_ByPartner\reporter_705\705_260200_M_2024_partners.csv,validated existing CSV,2026-07-15T20:56:41
705,282010,existing_file,7,E:\zjl\CMU\research\EVSupplyChain\data\UNComtrade_2024_Import_ByPartner\reporter_705\705_282010_M_2024_partners.csv,validated existing CSV,2026-07-15T20:56:41
705,282090,existing_file,11,E:\zjl\CMU\research\EVSupplyChain\data\UNComtrade_2024_Import_ByPartner\reporter_705\705_282090_M_2024_partners.csv,validated existing CSV,2026-07-15T20:56:41
705,811100,existing_file,7,E:\zjl\CMU\research\EVSupplyChain\data\UNComtrade_2024_Import_ByPartner\reporter_705\705_811100_M_2024_partners.csv,validated existing CSV,2026-07-15T20:56:41
710,260200,existing_file,17,E:\zjl\CMU\research\EVSupplyChain\data\UNComtrade_2024_Import_ByPartner\reporter_710\710_260200_M_2024_partners.csv,validated existing CSV,2026-07-15T20:56:41
710,282010,existing_file,7,E:\zjl\CMU\research\EVSupplyChain\data\UNComtrade_2024_Import_ByPartner\reporter_710\710_282010_M_2024_partners.csv,validated existing CSV,2026-07-15T20:56:41
710,282090,existing_file,8,E:\zjl\CMU\research\EVSupplyChain\data\UNComtrade_2024_Import_ByPartner\reporter_710\710_282090_M_2024_partners.csv,validated existing CSV,2026-07-15T20:56:41
710,811100,existing_file,7,E:\zjl\CMU\research\EVSupplyChain\data\UNComtrade_2024_Import_ByPartner\reporter_710\710_811100_M_2024_partners.csv,validated existing CSV,2026-07-15T20:56:41
724,260200,existing_file,17,E:\zjl\CMU\research\EVSupplyChain\data\UNComtrade_2024_Import_ByPartner\reporter_724\724_260200_M_2024_partners.csv,validated existing CSV,2026-07-15T20:56:41
724,282010,existing_file,10,E:\zjl\CMU\research\EVSupplyChain\data\UNComtrade_2024_Import_ByPartner\reporter_724\724_282010_M_2024_partners.csv,validated existing CSV,2026-07-15T20:56:41
724,282090,existing_file,17,E:\zjl\CMU\research\EVSupplyChain\data\UNComtrade_2024_Import_ByPartner\reporter_724\724_282090_M_2024_partners.csv,validated existing CSV,2026-07-15T20:56:41
724,811100,existing_file,13,E:\zjl\CMU\research\EVSupplyChain\data\UNComtrade_2024_Import_ByPartner\reporter_724\724_811100_M_2024_partners.csv,validated existing CSV,2026-07-15T20:56:41
144,260200,existing_file,2,E:\zjl\CMU\research\EVSupplyChain\data\UNComtrade_2024_Import_ByPartner\reporter_144\144_260200_M_2024_partners.csv,validated existing CSV,2026-07-15T20:56:41
144,282010,existing_file,3,E:\zjl\CMU\research\EVSupplyChain\data\UNComtrade_2024_Import_ByPartner\reporter_144\144_282010_M_2024_partners.csv,validated existing CSV,2026-07-15T20:56:41
144,282090,existing_file,3,E:\zjl\CMU\research\EVSupplyChain\data\UNComtrade_2024_Import_ByPartner\reporter_144\144_282090_M_2024_partners.csv,validated existing CSV,2026-07-15T20:56:41
144,811100,existing_file,2,E:\zjl\CMU\research\EVSupplyChain\data\UNComtrade_2024_Import_ByPartner\reporter_144\144_811100_M_2024_partners.csv,validated existing CSV,2026-07-15T20:56:41
752,260200,existing_file,5,E:\zjl\CMU\research\EVSupplyChain\data\UNComtrade_2024_Import_ByPartner\reporter_752\752_260200_M_2024_partners.csv,validated existing CSV,2026-07-15T20:56:41
752,282010,existing_file,4,E:\zjl\CMU\research\EVSupplyChain\data\UNComtrade_2024_Import_ByPartner\reporter_752\752_282010_M_2024_partners.csv,validated existing CSV,2026-07-15T20:56:41
752,282090,existing_file,4,E:\zjl\CMU\research\EVSupplyChain\data\UNComtrade_2024_Import_ByPartner\reporter_752\752_282090_M_2024_partners.csv,validated existing CSV,2026-07-15T20:56:41
752,811100,existing_file,17,E:\zjl\CMU\research\EVSupplyChain\data\UNComtrade_2024_Import_ByPartner\reporter_752\752_811100_M_2024_partners.csv,validated existing CSV,2026-07-15T20:56:41
686,811100,no_data,0,,,2026-07-15T20:56:43
891,260200,no_data,0,,,2026-07-15T20:56:43
891,282010,no_data,0,,,2026-07-15T20:56:43
891,282090,no_data,0,,,2026-07-15T20:56:43
891,811100,no_data,0,,,2026-07-15T20:56:43
690,260200,no_data,0,,,2026-07-15T20:56:43
690,282010,no_data,0,,,2026-07-15T20:56:43
690,282090,no_data,0,,,2026-07-15T20:56:43
690,811100,no_data,0,,,2026-07-15T20:56:43
694,260200,no_data,0,,,2026-07-15T20:56:43
694,282010,no_data,0,,,2026-07-15T20:56:43
694,282090,no_data,0,,,2026-07-15T20:56:43
694,811100,no_data,0,,,2026-07-15T20:56:43
90,260200,no_data,0,,,2026-07-15T20:56:43
90,282010,no_data,0,,,2026-07-15T20:56:43
90,282090,no_data,0,,,2026-07-15T20:56:43
90,811100,no_data,0,,,2026-07-15T20:56:43
706,260200,no_data,0,,,2026-07-15T20:56:43
706,282010,no_data,0,,,2026-07-15T20:56:43
706,282090,no_data,0,,,2026-07-15T20:56:43
706,811100,no_data,0,,,2026-07-15T20:56:43
728,260200,no_data,0,,,2026-07-15T20:56:43
728,282010,no_data,0,,,2026-07-15T20:56:43
728,282090,no_data,0,,,2026-07-15T20:56:43
728,811100,no_data,0,,,2026-07-15T20:56:43
711,260200,no_data,0,,,2026-07-15T20:56:43
711,282010,no_data,0,,,2026-07-15T20:56:43
711,282090,no_data,0,,,2026-07-15T20:56:43
711,811100,no_data,0,,,2026-07-15T20:56:43
275,260200,no_data,0,,,2026-07-15T20:56:43
275,282010,no_data,0,,,2026-07-15T20:56:43
275,282090,no_data,0,,,2026-07-15T20:56:43
275,811100,no_data,0,,,2026-07-15T20:56:43
729,260200,no_data,0,,,2026-07-15T20:56:43
729,282010,no_data,0,,,2026-07-15T20:56:43
729,282090,no_data,0,,,2026-07-15T20:56:43
729,811100,no_data,0,,,2026-07-15T20:56:43
736,260200,no_data,0,,,2026-07-15T20:56:43
736,282010,no_data,0,,,2026-07-15T20:56:43
736,282090,no_data,0,,,2026-07-15T20:56:43
736,811100,no_data,0,,,2026-07-15T20:56:43
740,260200,no_data,0,,,2026-07-15T20:56:43
740,282010,no_data,0,,,2026-07-15T20:56:43
740,282090,no_data,0,,,2026-07-15T20:56:43
740,811100,no_data,0,,,2026-07-15T20:56:43
757,260200,existing_file,4,E:\zjl\CMU\research\EVSupplyChain\data\UNComtrade_2024_Import_ByPartner\reporter_757\757_260200_M_2024_partners.csv,validated existing CSV,2026-07-15T20:56:43
757,282010,existing_file,9,E:\zjl\CMU\research\EVSupplyChain\data\UNComtrade_2024_Import_ByPartner\reporter_757\757_282010_M_2024_partners.csv,validated existing CSV,2026-07-15T20:56:43
757,282090,existing_file,12,E:\zjl\CMU\research\EVSupplyChain\data\UNComtrade_2024_Import_ByPartner\reporter_757\757_282090_M_2024_partners.csv,validated existing CSV,2026-07-15T20:56:43
757,811100,existing_file,10,E:\zjl\CMU\research\EVSupplyChain\data\UNComtrade_2024_Import_ByPartner\reporter_757\757_811100_M_2024_partners.csv,validated existing CSV,2026-07-15T20:56:43
764,260200,existing_file,9,E:\zjl\CMU\research\EVSupplyChain\data\UNComtrade_2024_Import_ByPartner\reporter_764\764_260200_M_2024_partners.csv,validated existing CSV,2026-07-15T20:56:43
764,282010,existing_file,9,E:\zjl\CMU\research\EVSupplyChain\data\UNComtrade_2024_Import_ByPartner\reporter_764\764_282010_M_2024_partners.csv,validated existing CSV,2026-07-15T20:56:43
764,282090,existing_file,12,E:\zjl\CMU\research\EVSupplyChain\data\UNComtrade_2024_Import_ByPartner\reporter_764\764_282090_M_2024_partners.csv,validated existing CSV,2026-07-15T20:56:43
764,811100,existing_file,7,E:\zjl\CMU\research\EVSupplyChain\data\UNComtrade_2024_Import_ByPartner\reporter_764\764_811100_M_2024_partners.csv,validated existing CSV,2026-07-15T20:56:43
780,282090,existing_file,2,E:\zjl\CMU\research\EVSupplyChain\data\UNComtrade_2024_Import_ByPartner\reporter_780\780_282090_M_2024_partners.csv,validated existing CSV,2026-07-15T20:56:43
792,260200,existing_file,13,E:\zjl\CMU\research\EVSupplyChain\data\UNComtrade_2024_Import_ByPartner\reporter_792\792_260200_M_2024_partners.csv,validated existing CSV,2026-07-15T20:56:43
792,282010,existing_file,13,E:\zjl\CMU\research\EVSupplyChain\data\UNComtrade_2024_Import_ByPartner\reporter_792\792_282010_M_2024_partners.csv,validated existing CSV,2026-07-15T20:56:43
792,282090,existing_file,14,E:\zjl\CMU\research\EVSupplyChain\data\UNComtrade_2024_Import_ByPartner\reporter_792\792_282090_M_2024_partners.csv,validated existing CSV,2026-07-15T20:56:43
792,811100,existing_file,10,E:\zjl\CMU\research\EVSupplyChain\data\UNComtrade_2024_Import_ByPartner\reporter_792\792_811100_M_2024_partners.csv,validated existing CSV,2026-07-15T20:56:43
800,260200,existing_file,2,E:\zjl\CMU\research\EVSupplyChain\data\UNComtrade_2024_Import_ByPartner\reporter_800\800_260200_M_2024_partners.csv,validated existing CSV,2026-07-15T20:56:43
800,282010,existing_file,4,E:\zjl\CMU\research\EVSupplyChain\data\UNComtrade_2024_Import_ByPartner\reporter_800\800_282010_M_2024_partners.csv,validated existing CSV,2026-07-15T20:56:43
804,260200,existing_file,5,E:\zjl\CMU\research\EVSupplyChain\data\UNComtrade_2024_Import_ByPartner\reporter_804\804_260200_M_2024_partners.csv,validated existing CSV,2026-07-15T20:56:43
804,282010,existing_file,6,E:\zjl\CMU\research\EVSupplyChain\data\UNComtrade_2024_Import_ByPartner\reporter_804\804_282010_M_2024_partners.csv,validated existing CSV,2026-07-15T20:56:43
804,282090,existing_file,8,E:\zjl\CMU\research\EVSupplyChain\data\UNComtrade_2024_Import_ByPartner\reporter_804\804_282090_M_2024_partners.csv,validated existing CSV,2026-07-15T20:56:43
804,811100,existing_file,2,E:\zjl\CMU\research\EVSupplyChain\data\UNComtrade_2024_Import_ByPartner\reporter_804\804_811100_M_2024_partners.csv,validated existing CSV,2026-07-15T20:56:43
826,260200,existing_file,11,E:\zjl\CMU\research\EVSupplyChain\data\UNComtrade_2024_Import_ByPartner\reporter_826\826_260200_M_2024_partners.csv,validated existing CSV,2026-07-15T20:56:43
826,282010,existing_file,7,E:\zjl\CMU\research\EVSupplyChain\data\UNComtrade_2024_Import_ByPartner\reporter_826\826_282010_M_2024_partners.csv,validated existing CSV,2026-07-15T20:56:43
826,282090,existing_file,14,E:\zjl\CMU\research\EVSupplyChain\data\UNComtrade_2024_Import_ByPartner\reporter_826\826_282090_M_2024_partners.csv,validated existing CSV,2026-07-15T20:56:43
826,811100,existing_file,13,E:\zjl\CMU\research\EVSupplyChain\data\UNComtrade_2024_Import_ByPartner\reporter_826\826_811100_M_2024_partners.csv,validated existing CSV,2026-07-15T20:56:43
834,260200,existing_file,2,E:\zjl\CMU\research\EVSupplyChain\data\UNComtrade_2024_Import_ByPartner\reporter_834\834_260200_M_2024_partners.csv,validated existing CSV,2026-07-15T20:56:43
834,282010,existing_file,3,E:\zjl\CMU\research\EVSupplyChain\data\UNComtrade_2024_Import_ByPartner\reporter_834\834_282010_M_2024_partners.csv,validated existing CSV,2026-07-15T20:56:43
834,282090,existing_file,2,E:\zjl\CMU\research\EVSupplyChain\data\UNComtrade_2024_Import_ByPartner\reporter_834\834_282090_M_2024_partners.csv,validated existing CSV,2026-07-15T20:56:43
760,260200,no_data,0,,,2026-07-15T20:56:46
760,282010,no_data,0,,,2026-07-15T20:56:46
760,282090,no_data,0,,,2026-07-15T20:56:46
760,811100,no_data,0,,,2026-07-15T20:56:46
762,260200,no_data,0,,,2026-07-15T20:56:46
762,282010,no_data,0,,,2026-07-15T20:56:46
762,282090,no_data,0,,,2026-07-15T20:56:46
762,811100,no_data,0,,,2026-07-15T20:56:46
835,260200,no_data,0,,,2026-07-15T20:56:46
835,282010,no_data,0,,,2026-07-15T20:56:46
835,282090,no_data,0,,,2026-07-15T20:56:46
835,811100,no_data,0,,,2026-07-15T20:56:46
626,260200,no_data,0,,,2026-07-15T20:56:46
626,282010,no_data,0,,,2026-07-15T20:56:46
626,282090,no_data,0,,,2026-07-15T20:56:46
626,811100,no_data,0,,,2026-07-15T20:56:46
768,260200,no_data,0,,,2026-07-15T20:56:46
768,282010,no_data,0,,,2026-07-15T20:56:46
768,282090,no_data,0,,,2026-07-15T20:56:46
768,811100,no_data,0,,,2026-07-15T20:56:46
772,260200,no_data,0,,,2026-07-15T20:56:46
772,282010,no_data,0,,,2026-07-15T20:56:46
772,282090,no_data,0,,,2026-07-15T20:56:46
772,811100,no_data,0,,,2026-07-15T20:56:46
776,260200,no_data,0,,,2026-07-15T20:56:46
776,282010,no_data,0,,,2026-07-15T20:56:46
776,282090,no_data,0,,,2026-07-15T20:56:46
776,811100,no_data,0,,,2026-07-15T20:56:46
780,260200,no_data,0,,,2026-07-15T20:56:46
780,282010,no_data,0,,,2026-07-15T20:56:46
780,811100,no_data,0,,,2026-07-15T20:56:46
788,260200,no_data,0,,,2026-07-15T20:56:46
788,282010,downloaded,5,E:\zjl\CMU\research\EVSupplyChain\data\UNComtrade_2024_Import_ByPartner\reporter_788\788_282010_M_2024_partners.csv,,2026-07-15T20:56:46
788,282090,downloaded,8,E:\zjl\CMU\research\EVSupplyChain\data\UNComtrade_2024_Import_ByPartner\reporter_788\788_282090_M_2024_partners.csv,,2026-07-15T20:56:46
788,811100,no_data,0,,,2026-07-15T20:56:46
795,260200,no_data,0,,,2026-07-15T20:56:46
795,282010,no_data,0,,,2026-07-15T20:56:46
795,282090,no_data,0,,,2026-07-15T20:56:46
795,811100,no_data,0,,,2026-07-15T20:56:46
796,260200,no_data,0,,,2026-07-15T20:56:46
796,282010,no_data,0,,,2026-07-15T20:56:46
796,282090,no_data,0,,,2026-07-15T20:56:46
796,811100,no_data,0,,,2026-07-15T20:56:46
798,260200,no_data,0,,,2026-07-15T20:56:46
798,282010,no_data,0,,,2026-07-15T20:56:46
798,282090,no_data,0,,,2026-07-15T20:56:46
798,811100,no_data,0,,,2026-07-15T20:56:46
800,282090,no_data,0,,,2026-07-15T20:56:46
800,811100,no_data,0,,,2026-07-15T20:56:46
784,260200,no_data,0,,,2026-07-15T20:56:46
784,282010,no_data,0,,,2026-07-15T20:56:46
784,282090,no_data,0,,,2026-07-15T20:56:46
784,811100,no_data,0,,,2026-07-15T20:56:46
834,811100,no_data,0,,,2026-07-15T20:56:46
842,260200,existing_file,13,E:\zjl\CMU\research\EVSupplyChain\data\UNComtrade_2024_Import_ByPartner\reporter_842\842_260200_M_2024_partners.csv,validated existing CSV,2026-07-15T20:56:46
842,282010,existing_file,13,E:\zjl\CMU\research\EVSupplyChain\data\UNComtrade_2024_Import_ByPartner\reporter_842\842_282010_M_2024_partners.csv,validated existing CSV,2026-07-15T20:56:46
842,282090,existing_file,19,E:\zjl\CMU\research\EVSupplyChain\data\UNComtrade_2024_Import_ByPartner\reporter_842\842_282090_M_2024_partners.csv,validated existing CSV,2026-07-15T20:56:46
842,811100,existing_file,12,E:\zjl\CMU\research\EVSupplyChain\data\UNComtrade_2024_Import_ByPartner\reporter_842\842_811100_M_2024_partners.csv,validated existing CSV,2026-07-15T20:56:46
860,260200,existing_file,2,E:\zjl\CMU\research\EVSupplyChain\data\UNComtrade_2024_Import_ByPartner\reporter_860\860_260200_M_2024_partners.csv,validated existing CSV,2026-07-15T20:56:46
860,282010,existing_file,2,E:\zjl\CMU\research\EVSupplyChain\data\UNComtrade_2024_Import_ByPartner\reporter_860\860_282010_M_2024_partners.csv,validated existing CSV,2026-07-15T20:56:46
860,811100,existing_file,6,E:\zjl\CMU\research\EVSupplyChain\data\UNComtrade_2024_Import_ByPartner\reporter_860\860_811100_M_2024_partners.csv,validated existing CSV,2026-07-15T20:56:46
894,260200,existing_file,3,E:\zjl\CMU\research\EVSupplyChain\data\UNComtrade_2024_Import_ByPartner\reporter_894\894_260200_M_2024_partners.csv,validated existing CSV,2026-07-15T20:56:46
894,811100,existing_file,2,E:\zjl\CMU\research\EVSupplyChain\data\UNComtrade_2024_Import_ByPartner\reporter_894\894_811100_M_2024_partners.csv,validated existing CSV,2026-07-15T20:56:46
716,260200,existing_file,4,E:\zjl\CMU\research\EVSupplyChain\data\UNComtrade_2024_Import_ByPartner\reporter_716\716_260200_M_2024_partners.csv,validated existing CSV,2026-07-15T20:56:46
716,282090,existing_file,2,E:\zjl\CMU\research\EVSupplyChain\data\UNComtrade_2024_Import_ByPartner\reporter_716\716_282090_M_2024_partners.csv,validated existing CSV,2026-07-15T20:56:46
716,811100,existing_file,2,E:\zjl\CMU\research\EVSupplyChain\data\UNComtrade_2024_Import_ByPartner\reporter_716\716_811100_M_2024_partners.csv,validated existing CSV,2026-07-15T20:56:46
858,260200,no_data,0,,,2026-07-15T20:56:50
858,282010,downloaded,3,E:\zjl\CMU\research\EVSupplyChain\data\UNComtrade_2024_Import_ByPartner\reporter_858\858_282010_M_2024_partners.csv,,2026-07-15T20:56:50
858,282090,downloaded,2,E:\zjl\CMU\research\EVSupplyChain\data\UNComtrade_2024_Import_ByPartner\reporter_858\858_282090_M_2024_partners.csv,,2026-07-15T20:56:50
858,811100,no_data,0,,,2026-07-15T20:56:50
850,260200,no_data,0,,,2026-07-15T20:56:50
850,282010,no_data,0,,,2026-07-15T20:56:50
850,282090,no_data,0,,,2026-07-15T20:56:50
850,811100,no_data,0,,,2026-07-15T20:56:50
841,260200,no_data,0,,,2026-07-15T20:56:50
841,282010,no_data,0,,,2026-07-15T20:56:50
841,282090,no_data,0,,,2026-07-15T20:56:50
841,811100,no_data,0,,,2026-07-15T20:56:50
810,260200,no_data,0,,,2026-07-15T20:56:50
810,282010,no_data,0,,,2026-07-15T20:56:50
810,282090,no_data,0,,,2026-07-15T20:56:50
810,811100,no_data,0,,,2026-07-15T20:56:50
860,282090,no_data,0,,,2026-07-15T20:56:50
548,260200,no_data,0,,,2026-07-15T20:56:50
548,282010,no_data,0,,,2026-07-15T20:56:50
548,282090,no_data,0,,,2026-07-15T20:56:50
548,811100,no_data,0,,,2026-07-15T20:56:50
862,260200,no_data,0,,,2026-07-15T20:56:50
862,282010,no_data,0,,,2026-07-15T20:56:50
862,282090,no_data,0,,,2026-07-15T20:56:50
862,811100,no_data,0,,,2026-07-15T20:56:50
704,260200,no_data,0,,,2026-07-15T20:56:50
704,282010,no_data,0,,,2026-07-15T20:56:50
704,282090,no_data,0,,,2026-07-15T20:56:50
704,811100,no_data,0,,,2026-07-15T20:56:50
876,260200,no_data,0,,,2026-07-15T20:56:50
876,282010,no_data,0,,,2026-07-15T20:56:50
876,282090,no_data,0,,,2026-07-15T20:56:50
876,811100,no_data,0,,,2026-07-15T20:56:50
887,260200,no_data,0,,,2026-07-15T20:56:50
887,282010,no_data,0,,,2026-07-15T20:56:50
887,282090,no_data,0,,,2026-07-15T20:56:50
887,811100,no_data,0,,,2026-07-15T20:56:50
890,260200,no_data,0,,,2026-07-15T20:56:50
890,282010,no_data,0,,,2026-07-15T20:56:50
890,282090,no_data,0,,,2026-07-15T20:56:50
890,811100,no_data,0,,,2026-07-15T20:56:50
894,282010,no_data,0,,,2026-07-15T20:56:50
894,282090,no_data,0,,,2026-07-15T20:56:50
836,260200,no_data,0,,,2026-07-15T20:56:50
836,282010,no_data,0,,,2026-07-15T20:56:50
836,282090,no_data,0,,,2026-07-15T20:56:50
836,811100,no_data,0,,,2026-07-15T20:56:50
716,282010,no_data,0,,,2026-07-15T20:56:50
